StudentID,FirstName,MiddleName,Surname,DateOfBirth,Gender,EnrolmentDate,DepartmentID,Address,EmailAddress,PhoneNumber,GuardianID,ClassID,SocialMedia_Access,ActivityID
1,Simisola,Omobolanle,Bamidele,2004-12-25,Male,2023-09-07,3,"149 Olukunga Pines, Adepejuburgh, ID 24723",olajumokeafolabi@example.org,(334)355-8020x29920,22,3,No,1.0
2,Yewande,Omolabake,Ibikunle,2007-02-05,Male,2020-10-10,1,"0227 Kolade Street Apt. 640, East Juwonhaven, NE 29972",eniola21@example.net,221-885-8552x202,19,2,Yes,2.0
3,Oba,Oladare,Bamidele,2007-03-30,Female,2021-02-23,2,"USNS Ogunyeye, FPO AA 42378",ajani91@example.com,001-689-274-3623x7293,26,1,Yes,3.0
4,Adesua,Adebukola,Ayandokun,2007-10-31,Female,2020-12-10,1,"0642 Oladipupo Loop Apt. 837, Faloyeburgh, NY 67137",balogunadedayo@example.org,(803)653-7086x338,31,2,Yes,1.0
5,Oyenike,Yejide,Owoyemi,2006-10-05,Female,2022-02-28,1,"799 Similoluwa Islands Apt. 188, Port Adekolaview, KY 30964",fadekemi69@example.com,561-901-8322,26,2,No,3.0
6,Esupofo,Leke,Odetola,2006-05-07,Female,2021-07-09,3,"110 Morawo Park, New Tokunbo, NE 38574",babatunji91@example.net,879-355-6564x43276,16,3,Yes,3.0
7,Oyenike,Adebiyi,Ademiluyi,2004-10-12,Female,2022-03-23,4,"8528 Gbadebo Lights, Morenikestad, PW 80482",demiladeoginni@example.net,(489)292-2871,25,1,Yes,4.0
8,Abebi,Adepeju,Adegoke,2007-02-24,Male,2022-06-21,1,"08650 Adesiyan Tunnel Suite 869, New Adunni, NY 34643",omidinakorede@example.org,789-721-3680,1,1,Yes,2.0
9,Morayo,Folashade,Ajewole,2004-01-21,Female,2023-03-13,4,"PSC 0990, Box 5706, APO AP 18594",sijuadebamiloye@example.net,318.504.9891x671,42,3,No,3.0
10,Amoke,Ibironke,Osuntokun,2005-05-28,Male,2020-10-18,4,"218 Ayinde Vista, Lake Ayinkeburgh, MA 91905",wsoyinka@example.net,(625)240-8770x462,36,1,Yes,3.0
11,Wuraola,Olufunke,Oloyede,2004-08-28,Female,2023-09-02,1,"42303 Fasasi Branch, South Niyilolawastad, DE 15454",bunmiogunwobi@example.org,001-769-235-1524x2069,46,2,Yes,
12,Damife,Oluwamuyiwa,Adeyemo,2005-03-21,Female,2024-09-16,3,"36736 Ojo Roads, Mosinmileoluwashire, AL 84463",odetolaayinke@example.net,374.965.5166,37,3,Yes,3.0
13,Sijuade,Omodunni,Oyeyemi,2004-07-10,Female,2021-08-26,3,"9929 Yewande Corners Apt. 798, Oyaifofort, DE 63802",iilupeju@example.com,326-616-7805x090,46,1,Yes,1.0
14,Akinlabi,Omowumi,Oyetoro,2008-06-13,Female,2022-10-21,1,"44246 Olujimi Rue Suite 776, East Titilayostad, WV 54950",hogunde@example.org,001-262-234-3303,18,3,No,2.0
15,Folashade,Adesoji,Ademiluyi,2003-11-03,Female,2020-10-05,2,"PSC 3745, Box 0302, APO AA 54524",eojo@example.net,580.755.7076,18,1,Yes,2.0
16,Faderera,Ayinde,Falabi,2005-03-22,Female,2023-12-12,1,"6127 Toki Pines Apt. 848, East Adesojiside, AZ 83996",gbadebosalami@example.com,001-246-960-4977x59116,20,3,Yes,3.0
17,Ayoka,Omotola,Fagunwa,2008-03-24,Female,2023-02-06,2,"2336 Ogunyeye Island Apt. 415, Lake Akinkunmi, OK 18505",oyadiranleke@example.org,5323068199,45,3,No,4.0
18,Toki,Ayinde,Aderibigbe,2007-12-25,Female,2021-08-01,4,"8519 Iyanda Street, North Ogooluwa, NH 19769",adelekeolukotun@example.org,001-927-983-3657x1927,31,1,Yes,4.0
19,Akinwale,Babatunji,Adegoke,2005-02-21,Female,2022-08-15,2,"43197 Akanmu Mount Suite 141, South Omolara, TX 63883",aderogbaekundayo@example.com,(355)717-1120,27,3,Yes,
20,Shekoni,Mojisola,Faloye,2008-08-24,Male,2024-05-31,1,"155 Omotoso Lakes Suite 216, West Adedeji, NC 92745",aanuoluwapoafonja@example.net,480.726.3358,3,3,No,2.0
21,Ekundayo,Tolulope,Adegbite,2007-04-27,Female,2021-10-23,2,"USNV Olaiya, FPO AP 97666",ajayiibironke@example.com,001-585-899-0736x4884,19,2,Yes,
22,Gbolahan,Omosalewa,Olukunga,2004-09-03,Male,2023-02-20,2,"27089 Adesiyan Turnpike, Lake Omotayofort, WY 68752",oyinlolaadedayo@example.net,001-450-669-5313x636,16,2,Yes,3.0
23,Doyinsola,Oluwasanmi,Adisa,2007-11-15,Male,2021-01-25,2,"PSC 0890, Box 4416, APO AA 94346",ilupejushekoni@example.net,679-839-1911,10,2,Yes,3.0
24,Adekitan,Gbolahan,Bakare,2009-07-19,Female,2020-10-20,4,"2604 Adetoke Mountains, Port Damifeton, VI 74102",ibidapomakinde@example.com,932-872-0648x598,45,1,Yes,4.0
25,Iyadunni,Adunni,Olowokeere,2004-11-03,Female,2023-04-14,3,"502 Ilupeju Circle Apt. 163, Omotolaburgh, NV 18770",edunmorolake@example.com,001-772-759-3965,48,2,No,3.0
26,Similoluwa,Similoluwa,Soyinka,2008-05-17,Female,2022-04-04,3,"85838 Odunsi Forks, West Abionaside, PR 85061",babatunji09@example.net,554-584-2106x00387,12,2,Yes,3.0
27,Morenike,Omobobola,Adeleke,2004-09-24,Female,2023-05-17,2,"14131 Abebi Road, Aderibigbemouth, AZ 32564",isholaojo@example.com,(646)788-8904x83172,19,2,Yes,2.0
28,Adeshina,Omobolanle,Fagunwa,2006-12-04,Female,2024-06-29,4,"Unit 0752 Box 2075, DPO AP 94892",ayandokunfaderera@example.com,210-761-6747,24,2,Yes,4.0
29,Seye,Toluwanimi,Fadipe,2008-09-02,Male,2024-06-14,4,"20678 Gbolahan Viaduct, Lake Adigunburgh, IL 90757",adeolu78@example.com,7105764654,33,3,Yes,
30,Asake,Ajoke,Edun,2006-04-20,Female,2021-12-14,3,"231 Tomori Isle Suite 820, West Gbolahan, AZ 63577",ewatomioyadiran@example.net,361-296-5634,43,2,Yes,3.0
31,Mojisoluwa,Omodunni,Babtunde,2003-10-19,Male,2024-01-29,1,"USNS Owolabi, FPO AA 88862",babawaleolabode@example.org,001-893-783-2606x4805,16,1,Yes,4.0
32,Olufunmilayo,Omotara,Adekunle,2007-11-11,Female,2021-01-21,4,"0898 Aloba Key, Ojoburgh, RI 81245",ninalowoadeshina@example.org,001-508-337-7385,6,2,Yes,1.0
33,Adekunle,Ayodele,Ilupeju,2006-08-27,Female,2022-01-10,3,"398 Oyaifo Loaf Suite 998, Alobachester, CT 47622",wawolowo@example.com,724.720.4528x6003,29,2,Yes,1.0
34,Folashade,Omotayo,Adelusi,2004-12-22,Male,2024-08-27,3,"USNV Bakare, FPO AE 57212",tokunbo73@example.org,001-424-429-7932,31,2,Yes,2.0
35,Motunrayo,Kikelomo,Bamiloye,2008-02-27,Male,2023-03-13,1,"22771 Oshin Trail, Port Adetayo, GA 36457",adigun91@example.org,+1-254-518-0059x358,30,2,Yes,1.0
36,Seye,Abeni,Olukunga,2005-07-19,Female,2024-08-06,2,"0982 Ojua Pines Apt. 420, Amoketown, AK 42581",amokepaimo@example.org,953.515.9575,22,1,Yes,1.0
37,Yetunde,Ishola,Olugbayila,2006-07-17,Female,2021-09-15,1,"4665 Oladipupo Pines, Oyadiranhaven, KY 26841",subomiayoola@example.com,001-568-333-1360x1230,22,2,No,
38,Abebi,Oluwasegun,Bamiloye,2008-02-28,Female,2022-07-04,1,"838 Olaiya Gardens, Odetolabury, AS 15934",adesewaolasupo@example.com,903-413-5173x76088,48,3,Yes,1.0
39,Adekola,Niyilolawa,Oyetoro,2008-10-27,Male,2022-04-29,2,"264 Adebisi Mills, East Yewande, KY 29312",juwonogunyeye@example.com,+1-733-875-8781x313,34,1,Yes,
40,Durodola,Adebowale,Awodiran,2009-01-24,Female,2020-11-04,4,"4246 Omolabake Flats, New Demiladeton, WV 70262",bolatito38@example.com,+1-456-431-9476,45,2,Yes,1.0
41,Osunleke,Faderera,Oloyede,2007-10-21,Male,2021-12-20,3,"043 Ogindan Ports, Lake Adepeju, PA 86925",iseoluwaajewole@example.org,001-616-826-8272x10317,5,2,No,2.0
42,Sowande,Oladimeji,Oyeyemi,2009-04-07,Male,2022-01-29,1,"8631 Ekundayo Passage, Alobafort, MD 41602",fikayomi45@example.org,958.896.1489,12,3,Yes,4.0
43,Omosalewa,Oyenike,Ogulana,2007-07-29,Male,2024-05-14,1,"166 Ogooluwa Spurs, Lake Sijuadeton, PA 91815",akanmumakinwa@example.net,001-748-303-0573,34,2,No,
44,Ishola,Tade,Adegbite,2005-08-04,Male,2022-03-04,4,"6993 Adenike Locks, North Fikayomi, KY 89723",xodetola@example.net,001-861-547-2122x0501,35,1,Yes,3.0
45,Durodola,Similoluwa,Ogindan,2006-07-22,Female,2024-02-19,2,"2991 Aderibigbe Motorway Suite 903, Moyosoreburgh, AK 55564",pogunbiyi@example.net,740-563-6271,28,2,Yes,2.0
46,Radeke,Adenike,Soyinka,2008-05-18,Female,2024-02-01,4,"8534 Adelusi Street Apt. 907, West Tolulope, VA 22162",uowolabi@example.org,533-462-6312x320,47,2,No,1.0
47,Arike,Fadekemi,Ogunbiyi,2008-12-20,Male,2024-05-12,3,"PSC 2058, Box 8046, APO AP 30734",qogunwobi@example.org,+1-704-600-2991x054,38,3,Yes,4.0
48,Sowande,Morenike,Owolabi,2009-09-18,Male,2024-02-09,1,"040 Afolabi Plaza Apt. 033, Fadipemouth, NE 41733",yodunsi@example.org,710.945.1469,21,2,No,3.0
49,Leke,Adetayo,Edun,2006-08-03,Male,2021-02-11,4,"841 Faleti Forks Suite 734, Gbowoadeport, TN 74405",coyeyemi@example.com,425.289.3557,20,3,Yes,2.0
50,Keji,Adebiyi,Alabi,2009-08-02,Female,2022-04-07,3,"089 Koya Harbor, South Atinuke, ME 56484",mosinmileoluwa01@example.com,912-227-8278,32,1,Yes,4.0
51,Bunmi,Olajumoke,Ogunyeye,2004-02-22,Male,2023-09-28,3,"2338 Ogunyeye Mews Apt. 008, Esupofoview, OH 80785",durodola49@example.net,289-237-0886x89927,49,3,No,1.0
52,Ibironke,Faderera,Iyanda,2009-09-15,Female,2023-03-07,1,"Unit 9365 Box 6413, DPO AA 18719",adedayo07@example.org,(420)268-2029x52920,1,2,Yes,2.0
53,Toluwanimi,Olasunmbo,Olukotun,2007-09-22,Female,2020-12-01,4,"227 Ilori Key Suite 039, East Ibironkeview, WI 71042",omotarafasasi@example.net,934-750-4083x299,15,1,Yes,4.0
54,Babawale,Olanrewaju,Oyeniyi,2005-09-07,Female,2022-05-16,1,"50304 Wuraola Port Suite 884, Port Olasunmbofurt, NM 64102",iseoluwabakare@example.com,3919044136,41,1,No,2.0
55,Sijuade,Ronke,Akinrinola,2004-12-01,Male,2022-07-15,3,"53919 Omotoun Fall Apt. 136, New Omotara, ID 24363",ogunwobitolulope@example.org,3402739400,1,1,Yes,3.0
56,Iyabode,Akinwale,Oshin,2005-11-23,Female,2022-07-13,2,"815 Osuntokun Lodge, New Adetoun, VT 76233",morayo49@example.net,+1-982-386-3577x6311,23,1,Yes,2.0
57,Fikayomi,Gbolahan,Babtunde,2004-04-11,Female,2022-05-07,3,"040 Adeleke Camp, Iseoluwachester, ID 12663",abeniolukunga@example.org,001-288-776-3414x376,43,1,Yes,2.0
58,Olansile,Morolake,Oyeyemi,2004-08-15,Male,2023-12-25,2,"15729 Oyindasola Overpass Suite 522, Morenikeberg, IL 09205",awero96@example.net,+1-379-886-4557x697,19,3,No,2.0
59,Adedeji,Morolake,Ojo,2009-05-10,Male,2022-04-16,3,"24597 Iyabode Course Apt. 437, Fagunwaborough, MP 22324",shekoniolukunga@example.net,728-896-7393x347,2,1,Yes,4.0
60,Mojisoluwa,Similoluwa,Adelusi,2007-03-17,Female,2024-03-21,2,"79543 Mojisoluwa Path, South Ikeoluwachester, MT 51109",owoyemiewatomi@example.net,(597)674-2088,41,2,Yes,2.0
61,Oreofe,Morenike,Oyeyemi,2006-07-09,Male,2022-10-26,4,"44249 Yejide Meadows Apt. 052, East Adebiyi, MD 94766",ibironke70@example.org,(636)309-0947x813,23,2,No,2.0
62,Ololade,Oluwamumibori,Fajimi,2008-02-03,Female,2021-04-24,2,"274 Faloye Tunnel, North Oba, MN 48604",iyabode22@example.org,001-578-641-8182,16,3,No,2.0
63,Folu,Morenike,Oluwagbemi,2009-06-23,Female,2021-08-26,1,"4566 Fehintola Bypass Apt. 378, Lake Tokimouth, KS 25171",qmakinde@example.com,001-924-939-9056x4459,45,1,Yes,
64,Omolara,Olasunmbo,Owolabi,2009-09-04,Male,2020-11-10,1,"7103 Omosalewa Ways Suite 623, Tokiton, AZ 44700",adelekeolanrewaju@example.net,884-410-3330x80257,30,3,Yes,3.0
65,Mosunmola,Abiona,Ogunde,2005-09-10,Male,2024-03-29,1,"90893 Shekoni Avenue Apt. 618, Oluwafemiview, DC 56845",babasola19@example.org,(216)540-4745x32381,13,3,No,1.0
66,Sowande,Iyabode,Olugbayila,2005-04-26,Female,2024-08-20,3,"Unit 3526 Box 6823, DPO AA 98360",soyinkatemidayo@example.net,275-846-8548x9186,1,2,No,3.0
67,Akinwale,Kolawole,Shekoni,2009-09-04,Female,2022-03-16,2,"4793 Adegbite Shoals Suite 436, Lake Alamu, NY 72151",olumorotimiakinrinola@example.org,+1-398-749-3187,3,2,No,2.0
68,Fehintola,Wuraola,Olukotun,2004-11-18,Female,2022-06-26,4,"PSC 4618, Box 3049, APO AA 48006",adeolupaimo@example.org,708.935.8652x4282,27,2,No,2.0
69,Abayomi,Abeni,Oginni,2004-12-07,Female,2022-08-14,1,"2742 Oladare Walks Suite 875, New Iretioluwa, PR 70064",adeniyiaderibigbe@example.com,+1-557-472-3104x624,49,1,No,1.0
70,Iyabode,Abiona,Ojo,2003-10-06,Male,2021-05-10,1,"5492 Paimo Green, Oladipupoview, NJ 82748",adepeju68@example.com,+1-285-717-3140x228,18,3,Yes,3.0
71,Adeshina,Alade,Afolayan,2009-08-05,Female,2023-06-29,3,"377 Afonja Freeway, Bamideleville, MP 52889",loshin@example.org,(295)576-7469x015,2,1,Yes,1.0
72,Ibidapo,Morolake,Bamiloye,2007-03-21,Male,2021-05-24,3,"49672 Kolade Vista, Ogunwobitown, PA 06563",sijuadeadekunle@example.net,789.712.6494,46,3,Yes,1.0
73,Olasunmbo,Omotara,Ogunbamigbe,2006-10-23,Female,2022-11-19,2,"456 Ogunbamigbe Fords Suite 616, ObaniJesuville, NJ 98521",akanmuoyeniyi@example.org,+1-214-405-7708x3853,3,3,Yes,3.0
74,Keji,Atinuke,Olaiya,2008-02-06,Male,2021-08-02,3,"374 Tomori Plaza Suite 630, Sobowalefort, ME 84763",adedayo85@example.com,+1-590-696-5827,7,3,Yes,4.0
75,Abeni,Motunrayo,Falabi,2007-02-06,Female,2024-08-26,2,"174 Makinwa Vista Suite 848, Ibironkeside, PW 28361",ronke70@example.org,001-875-853-7051x49550,19,3,No,2.0
76,Olufunke,Adeleke,Afonja,2004-05-12,Female,2020-11-28,1,"3435 Olufunke Glen Apt. 715, Ibidapoview, NE 15683",dmakinwa@example.net,(338)385-8989,23,3,Yes,
77,Oluwasanmi,Aderopo,Olubode,2008-04-23,Female,2024-08-21,4,"1424 Olujimi Heights, Lake Adekola, IA 92596",isholaolabode@example.net,241-904-2791x41582,28,1,Yes,4.0
78,Ayodele,Radeke,Olujimi,2005-08-15,Male,2021-09-02,3,"036 Adetoke Ramp, Fajimiberg, AZ 19414",owoyemibabatunji@example.org,559-906-7465,38,1,Yes,1.0
79,Demilade,Mofifoluwa,Kosoko,2004-03-08,Female,2024-08-09,4,"8885 Akinkunmi Mission Suite 924, East Adetayoton, NC 36455",aogunbiyi@example.com,727.744.3435x739,9,1,Yes,3.0
80,Yetunde,Modupe,Owolabi,2007-04-01,Male,2024-09-28,2,"USNS Afonja, FPO AA 32166",olasunmbo03@example.org,001-234-325-7030,30,2,Yes,2.0
81,Adeniyi,Fikayomi,Oyadiran,2004-09-05,Female,2024-05-23,4,"36563 Adeolu Stravenue, New Adenikeberg, VA 10720",toki15@example.net,+1-202-922-7374x4059,38,3,Yes,4.0
82,Gbowoade,Ige,Oyaifo,2007-09-02,Male,2021-03-16,4,"63793 Ogooluwa Road, Ajokemouth, KY 13187",morolake41@example.com,648.691.1474x745,8,3,No,2.0
83,Kolawole,Inioluwa,Adegbite,2004-02-26,Female,2024-08-16,4,"43084 Moyosore Estate, South Ibironkemouth, KY 71354",omosalewa21@example.net,225-753-8364,16,3,Yes,
84,Adeshina,Adeleke,Ajayi,2008-04-27,Female,2024-09-13,3,"120 Faloye Inlet Suite 682, Abiodunfurt, MT 22854",gafolayan@example.org,+1-794-250-1474x1042,6,2,No,4.0
85,Oluwakemi,Iretioluwa,Awolowo,2004-10-04,Male,2021-11-07,3,"283 Oyeyemi Ways, Ninalowomouth, AS 82417",bakareesupofo@example.org,323.490.0591,15,3,Yes,2.0
86,Oba,Oluwamumibori,Afonja,2007-03-05,Female,2024-03-25,1,"9234 Mosinmileoluwa Parks Apt. 317, Alabifort, AR 54716",moraworadeke@example.com,356.344.3198,17,1,Yes,2.0
87,Simisola,Yejide,Balogun,2005-12-05,Male,2024-02-27,1,"333 Ilupeju Land Apt. 281, South Kolawoleland, MH 77776",aadelakun@example.net,+1-351-555-5952x91668,36,2,Yes,1.0
88,Inioluwa,Yetunde,Ogulana,2007-03-08,Male,2022-02-02,3,"33760 Odunsi Well, Lake Abebi, IA 91499",hbalogun@example.org,766-510-7548x4018,49,1,Yes,
89,Morayo,Adekunle,Shekoni,2005-09-11,Male,2023-12-19,3,"63419 Fadekemi Forks, Ajayiton, UT 10183",abebi15@example.com,676-743-3943x337,16,3,No,1.0
90,Gbowoade,Ayinde,Oloyede,2009-09-01,Male,2024-06-27,2,"610 Segilola Trafficway, Lake Morolakemouth, PR 89690",adegbiteabiona@example.net,8507404523,36,1,No,
91,Oladare,Olufunke,Odunsi,2005-09-01,Male,2023-10-04,2,"641 Olukotun Junction, West Adebiyi, KS 82573",bajayi@example.net,(816)292-3413x7427,25,3,Yes,2.0
92,Oladimeji,Temidayo,Olowokeere,2008-06-26,Male,2022-03-24,3,"2226 Ogindan Mission, Lake Foluborough, NC 55914",ajokeaderibigbe@example.com,2155740888,29,2,No,2.0
93,Adepeju,Omobobola,Makinwa,2008-06-14,Female,2021-11-17,3,"3912 Fehintola Branch, Omobobolatown, KS 13084",igeedun@example.com,282.761.6428,4,3,No,4.0
94,Asake,Ayodeji,Kosoko,2008-11-01,Female,2024-05-18,2,"80919 Oluwagbemi Haven Apt. 482, South Gbowoade, FM 72864",sfagunwa@example.net,7972264290,20,1,Yes,4.0
95,Omowumi,Ogooluwa,Olabode,2004-10-27,Female,2024-08-24,4,"60161 Faleti Point, Adeoluland, WA 56517",omojolaolufunke@example.com,6134220395,48,1,Yes,1.0
96,Kikelomo,Ayodeji,Koya,2006-09-11,Female,2023-01-10,2,"7699 Lere Flat Suite 876, Adelakunstad, KY 40558",aderopo79@example.net,(964)785-1994,29,2,Yes,1.0
97,Gbadebo,Ige,Oparinde,2004-03-02,Female,2023-12-05,2,"09358 Tokunbo Road, Salamiview, CA 31645",fehintolabalogun@example.com,+1-848-610-3435x516,47,1,Yes,2.0
98,Faderera,Omotoun,Oyaifo,2008-03-31,Female,2023-12-26,4,"8521 Fibikemi Turnpike, Sobowaleport, MA 17670",adisaikeoluwa@example.org,9048615798,22,3,Yes,1.0
99,Adeoti,Afolarin,Olabode,2004-10-13,Female,2021-10-07,4,"857 Amope Mountains, Port Ekundayoland, MD 56913",msalami@example.com,001-457-529-9624,44,3,No,1.0
100,Gbowoade,Ewatomi,Fagunwa,2007-07-22,Female,2024-02-01,1,"9370 Radeke Curve, South Fikayomi, MP 85299",bakaretokunbo@example.com,001-229-545-2663x07018,49,2,Yes,2.0
101,Yewande,Demilade,Kolade,2004-12-15,Male,2021-02-04,4,"7193 Adekola Haven Apt. 671, Port Juwon, VI 29053",xowolabi@example.com,5793778854,28,1,Yes,2.0
102,Juwon,Omodunni,Ojua,2009-03-01,Female,2024-02-29,1,"615 Fagunwa Pine Suite 677, South Igetown, AL 83252",tolulope67@example.net,001-254-648-3494x2082,3,3,Yes,3.0
103,Ronke,Adeyi,Oloyede,2008-12-21,Female,2023-09-24,4,"90386 Gbowoade Loop Suite 199, Akinrinolamouth, SD 66373",segilola00@example.com,(232)803-5131x983,37,2,Yes,2.0
104,Abeni,Fehintola,Kolade,2008-05-22,Male,2024-06-18,2,"USNS Olujimi, FPO AP 42670",oosuntokun@example.org,+1-258-803-3294x1836,50,2,No,1.0
105,Arinola,Inioluwa,Ajao,2009-07-11,Male,2023-08-08,4,"5465 Paimo Mountain, North Omotola, NY 96756",adepejupaimo@example.net,664.569.2112x4727,36,3,No,4.0
106,Arinola,Oluwasegun,Ojua,2008-05-07,Male,2022-12-02,4,"3292 Oyetoro Drives Apt. 645, Ayoolaburgh, WY 70738",omosalewa97@example.net,856.592.5162x205,19,2,Yes,1.0
107,Doyinsola,Babasola,Ayoola,2004-12-27,Male,2022-09-09,4,"83890 Babatunji Prairie Suite 118, Fasasimouth, MN 40877",bakareadenike@example.org,957-504-4658,40,1,Yes,3.0
108,Oba,Oluwasegun,Adeyemo,2007-07-19,Male,2020-10-09,1,"5470 Bamidele Crest Suite 111, Mojisoluwaberg, NC 43407",omobolanle59@example.net,(374)309-9812x60710,11,3,No,4.0
109,Akinlabi,Iyabode,Kosoko,2005-09-03,Female,2021-02-01,4,"PSC 8411, Box 2081, APO AP 21619",yetundeajewole@example.com,549.593.9807x00574,6,2,Yes,3.0
110,Abiona,Ayodeji,Oladipupo,2006-07-03,Male,2023-09-28,3,"019 Ilupeju Meadows, South Ninioluwa, PR 73893",doyadiran@example.net,(268)551-2817,48,1,Yes,3.0
111,Mojisoluwa,Adebukola,Adelusi,2007-09-24,Male,2021-09-24,2,"59893 Bamidele Field, Adekunleberg, OK 86685",abenialoba@example.com,(210)905-6336x16455,33,3,Yes,3.0
112,Oyenike,Mojisola,Olukotun,2007-06-25,Male,2022-04-15,4,"888 Akinlabi Branch Suite 677, New Abenitown, KY 84908",babawalesalako@example.com,665-900-9779,6,2,Yes,1.0
113,Sowande,Ishola,Iyanda,2003-12-04,Female,2023-07-07,2,"69710 Shekoni Path Apt. 480, Adunniberg, CA 46436",fadegbite@example.net,(653)666-0961x6038,11,3,Yes,3.0
114,Tokunbo,Gbowoade,Olaiya,2005-01-28,Female,2022-04-22,3,"8365 Ilupeju Mill Apt. 648, Fasasimouth, NM 72307",koyaalamu@example.net,(702)414-9582x69579,16,2,No,2.0
115,Oluwasanmi,Ninioluwa,Oyinlola,2008-08-24,Male,2023-08-19,3,"8774 Oladimeji Fort, West Oluwagbemigaton, DC 59553",qalabi@example.org,410.632.1489,40,1,Yes,4.0
116,Folu,Omotayo,Oloyede,2004-08-15,Male,2021-04-08,1,"2861 Olasunmbo Well, Abionaberg, AK 80152",aderibigbekorede@example.org,957-898-5631x3330,30,3,Yes,1.0
117,Tade,Oyenike,Adegbite,2006-12-26,Male,2024-01-12,4,"USNV Afolayan, FPO AP 76078",mosinmileoluwapaimo@example.com,001-746-808-8509,28,3,Yes,4.0
118,Adunni,Omotola,Faloye,2009-03-06,Female,2023-03-03,4,"550 Oluwasanmi Inlet Apt. 897, West Adigun, PW 14440",olansileoyeniyi@example.net,(469)819-9317x449,45,1,No,1.0
119,Korede,Adesua,Olowokeere,2003-10-10,Female,2022-07-20,3,"65157 Ajao Overpass Apt. 040, Port Omobobola, ND 55308",adeolu94@example.net,+1-996-760-3136x02467,43,3,No,2.0
120,Boluwatife,Demilade,Ogunyeye,2006-04-27,Male,2021-11-13,4,"0951 Tomori Landing, Afolabifort, PA 84738",seye49@example.net,445-980-3194x51578,9,1,No,3.0
121,Oluwakemi,Oladare,Oluwagbemi,2009-05-21,Female,2021-02-02,3,"3166 Oyadiran Underpass, Faletibury, KS 42175",iosuntokun@example.org,+1-707-775-3967x659,39,2,No,3.0
122,Faderera,Boluwatife,Ibikunle,2009-03-02,Female,2023-08-27,1,"669 Osuntokun Cliff, West Oluwafemi, PW 02754",ayodeji94@example.com,279.700.4417,37,1,Yes,
123,Alamu,Bolatito,Odetola,2009-08-20,Male,2023-09-23,2,"9483 Babatunji Inlet, New Niyilolawa, TX 03219",adebisifehintola@example.org,6436378455,10,1,No,3.0
124,Titilayo,Adekunle,Iyanda,2007-05-27,Male,2024-09-06,1,"1935 Radeke Villages, New Ayindeshire, WV 85450",holasupo@example.com,358.305.6780x8947,30,1,Yes,1.0
125,Adeshina,Omotoun,Afonja,2004-11-25,Female,2021-01-08,3,"443 Shekoni Meadows, Omotosotown, VA 40752",omowumi44@example.net,(694)263-3454x5929,25,2,Yes,1.0
126,Arike,Olakunle,Ilori,2005-01-21,Male,2021-10-06,3,"976 Oreofe Mission Suite 932, Adeniyiberg, AL 87036",olujimiolajumoke@example.com,319-315-2460x24557,14,1,Yes,2.0
127,Adunni,Kolawole,Odunsi,2008-06-07,Male,2022-04-19,1,"755 Tomori Walks Suite 041, Salamiside, ID 36119",radekeodetola@example.com,001-828-834-5720x42587,21,3,No,2.0
128,Damife,Mosinmileoluwa,Oyeyemi,2007-02-13,Male,2021-02-17,4,"163 Olajumoke Isle Apt. 396, New Adepejuport, ND 27451",omidinaaanuoluwapo@example.com,681-629-4699,33,1,Yes,
129,Atinuke,Oluwafemi,Ayandokun,2007-09-08,Female,2024-03-08,1,"3972 Olufunmilayo Land, Fadipefurt, PW 36911",shekoniomowumi@example.net,(468)580-7802x052,37,1,Yes,3.0
130,Olumorotimi,Ronke,Shekoni,2004-11-11,Female,2022-07-02,4,"427 Babtunde Union, East Kikelomo, MO 97437",ibidapooparinde@example.net,(378)973-5061x444,13,1,Yes,2.0
131,Ajani,ObaniJesu,Adekunle,2005-03-02,Male,2024-01-11,2,"Unit 5871 Box 7082, DPO AP 24038",xogunbamigbe@example.net,480-580-3789x40004,28,2,Yes,3.0
132,Eniola,Inioluwa,Bamiloye,2006-04-16,Female,2022-10-24,3,"3911 Adetoun Haven, Tadeside, SD 23849",olakunle48@example.org,700-641-8701x2610,20,1,Yes,4.0
133,Omowumi,Yejide,Ogunyeye,2009-06-19,Male,2024-08-06,4,"836 Wuraola Row Suite 173, Olansileland, WI 98144",radeke16@example.com,(960)286-5937x862,25,2,No,
134,Abiona,Oyindasola,Edun,2005-07-30,Male,2023-10-15,1,"Unit 1143 Box 8948, DPO AE 18227",afolarin91@example.org,+1-442-354-4811x8880,6,1,Yes,2.0
135,Adetayo,Adeleke,Afolabi,2006-11-10,Male,2022-01-10,3,"908 Adebiyi Villages Apt. 677, East Ishola, SC 69958",omotara25@example.net,001-208-869-2532,49,1,Yes,4.0
136,Motunrayo,Adetayo,Adeyemo,2003-12-10,Male,2021-04-09,2,"65403 Morenike Keys, Ojuamouth, MI 46457",makinwaabiodun@example.org,+1-222-722-8952,29,1,Yes,4.0
137,Omotola,Adebowale,Olubode,2004-02-20,Female,2022-02-14,4,"54902 Simisola Square, South Iyabodechester, NV 57646",mfaleti@example.org,422-775-3731,20,2,Yes,4.0
138,Durodola,Aanuoluwapo,Oloyede,2006-10-27,Male,2023-10-23,2,"0444 Amope Shoals Apt. 660, Oluwasegunmouth, MT 22157",olabodeadebowale@example.org,001-692-886-6568,4,3,Yes,
139,ObaniJesu,Boluwatife,Aloba,2004-12-05,Male,2023-06-09,2,"Unit 5105 Box 4786, DPO AE 37378",omojolaoluwamuyiwa@example.org,205-659-0736,48,3,No,
140,Faderera,Oluwole,Ogunwobi,2007-12-29,Female,2023-12-27,3,"30120 Abeni Hills Suite 120, Edunberg, SC 76553",seye80@example.org,(851)577-5207x8805,3,3,Yes,1.0
141,Tade,Tokunbo,Afolabi,2008-10-09,Male,2023-06-07,3,"282 Moradeke Forges, East Bolatitoshire, HI 64528",adekunleafolarin@example.net,001-243-876-0024,17,3,Yes,1.0
142,Fehintola,Adigun,Ajewole,2003-10-17,Female,2024-06-16,4,"003 Fadipe Station, Tokunboville, PR 90389",aderogbatolulope@example.net,504.496.9571x99418,32,1,No,1.0
143,Ayinde,Eniola,Alabi,2009-07-12,Male,2022-03-26,4,"7050 Ogunbamigbe Burg Apt. 123, West Adekunleburgh, IL 13513",iyandaaanuoluwapo@example.org,+1-858-470-8869x401,47,2,Yes,2.0
144,Akinkunmi,Afolarin,Ojo,2005-12-02,Female,2024-03-23,2,"95769 Ajala Vista, Tokunboport, VA 65243",adunni55@example.com,(687)310-8961x578,37,1,No,3.0
145,Adetayo,Arinola,Ojua,2008-02-17,Female,2021-12-01,2,"02092 Ololade Villages Suite 506, New Adetoun, AR 10365",fikayomi81@example.net,+1-277-557-9339x2033,1,3,Yes,1.0
146,Adedeji,Adebukola,Soyinka,2009-01-03,Male,2021-04-29,2,"545 Iretioluwa Villages, Ayinkeport, MI 35033",ishola57@example.com,709-697-6925x773,35,3,Yes,2.0
147,Fadekemi,Inioluwa,Ogunyeye,2004-08-29,Female,2024-04-23,3,"17550 Olujimi Cliff Apt. 588, Babtundeland, OK 67234",royadiran@example.net,001-948-813-1656x1914,50,1,Yes,
148,Inioluwa,Adepeju,Ajewole,2007-01-16,Male,2024-02-26,1,"186 Adebiyi Stravenue, West Leremouth, UT 62443",abiodunoloyede@example.org,4654453617,46,2,No,1.0
149,Tade,Awero,Olubode,2006-09-11,Female,2020-10-31,2,"87687 Salako Parkway, New Adekola, MA 52889",fadipemojisola@example.com,711-232-8345x67674,48,2,Yes,2.0
150,Tokunbo,Oladimeji,Kosoko,2006-12-18,Male,2024-09-05,1,"659 Oyetoro Meadow Apt. 035, North Ajokeside, DC 74439",olasunmboodunsi@example.com,276.315.1357x70495,49,2,Yes,2.0
151,Gbowoade,Fehintola,Oyetoro,2007-10-26,Female,2022-10-01,4,"306 Shekoni Stream Apt. 306, East Aanuoluwapoland, NH 37423",adeotiajayi@example.com,+1-208-202-4622x7103,6,3,No,3.0
152,Oluwagbemiga,Olufunke,Olukotun,2006-05-23,Male,2022-08-05,2,"Unit 1074 Box 2616, DPO AE 38090",bakareadeoti@example.net,394.746.0328,14,1,Yes,2.0
153,Arinola,Keji,Ademiluyi,2005-10-09,Female,2024-02-21,2,"84004 Oyeniyi Overpass Suite 514, Adeolufort, FL 61324",solukunga@example.org,001-907-257-7434x2667,47,1,Yes,3.0
154,Adeyi,Fibikemi,Edun,2008-09-29,Male,2024-03-18,3,"6928 Seye Ranch Suite 040, East Akanmu, NJ 89739",nogunwobi@example.net,001-934-844-8552x444,35,3,Yes,3.0
155,Adesewa,Adebukola,Awodiran,2008-05-03,Male,2024-08-20,4,"78112 Ogunde Knolls, Ilupejuborough, SD 92654",gbadeboadeleke@example.net,001-270-347-7913,49,2,Yes,
156,Abiodun,Lere,Edun,2007-03-06,Male,2021-02-26,1,"926 Oshin Track, Afolayanstad, AK 30753",olakunle61@example.net,644.613.6333,46,3,Yes,3.0
157,Adekunle,Wuraola,Oladipupo,2008-04-26,Female,2022-06-24,2,"550 Adelusi Groves, North Ibidapo, NY 89705",falabisimisola@example.net,+1-307-813-6341x6716,29,2,Yes,2.0
158,Subomi,Fibikemi,Falabi,2003-12-28,Male,2023-04-25,1,"28663 Aanuoluwapo Stravenue, North Akinlabistad, MO 36243",adelekemojisoluwa@example.com,992-273-4419,19,3,Yes,2.0
159,Arinola,Fehintola,Babtunde,2009-06-26,Male,2021-08-14,2,"362 Adeniyi Hollow Apt. 312, Ibidapoland, AZ 97088",qbakare@example.org,(703)378-5873,36,2,Yes,
160,Seye,Ishola,Oginni,2006-07-21,Female,2024-09-16,2,"3284 Oshin Mall, Port Tade, MN 56750",okeaderibigbe@example.com,2253173148,5,3,Yes,3.0
161,Babasola,Afolarin,Ilori,2004-08-18,Female,2022-12-03,3,"98801 Fasasi Point Apt. 912, Abebihaven, VA 38684",doyinsola40@example.com,982-771-4262,16,1,No,1.0
162,Olufunmilayo,Gbowoade,Paimo,2005-01-03,Female,2022-12-19,1,"284 Omosalewa Ports, Lake Isholaberg, HI 10855",zogunbo@example.net,+1-674-456-1374x472,46,1,Yes,2.0
163,Oluwagbemiga,Fadekemi,Oyeniyi,2005-08-19,Male,2024-09-10,4,"PSC 0955, Box 7728, APO AA 23194",ogunwobiadigun@example.net,001-499-926-3851,39,1,No,2.0
164,Abebi,Folu,Makinde,2006-08-13,Male,2022-06-09,1,"3244 Adegbite Locks, South Kolawolehaven, MS 03780",asakeajewole@example.net,661.249.4722x039,12,1,Yes,1.0
165,Morenike,Wuraola,Edun,2003-11-28,Female,2022-08-06,2,"29712 Aanuoluwapo Bypass, West Fikayomishire, ME 76018",olujimioladimeji@example.com,253.675.5936x9679,28,1,Yes,3.0
166,Morolake,Aderopo,Aderogba,2005-04-30,Male,2022-09-18,2,"98666 Ademiluyi Prairie, New Abiodun, NC 21333",rfaloye@example.net,+1-388-257-6471x7827,45,3,Yes,2.0
167,Tolulope,Babatunji,Odetola,2007-03-21,Male,2021-11-09,3,"33655 Oyetoro Loop, Paimoport, PA 30251",ayinde84@example.org,942-332-7977x4646,2,1,No,
168,Oluwole,Adeyi,Oyeyemi,2004-03-20,Female,2021-06-03,1,"81930 Awolowo View, New Atinukeport, MD 56656",aadegbite@example.org,(724)373-9958,46,3,No,
169,Oluwamumibori,Adebowale,Bamiloye,2004-01-23,Male,2022-08-09,1,"7931 Oluwasegun Knolls, Adelusiville, SC 59361",edunjuwon@example.net,(350)619-6070x98419,40,3,Yes,4.0
170,Atinuke,Bunmi,Faloye,2004-11-17,Male,2021-06-24,2,"Unit 0884 Box 7816, DPO AP 34456",ibironke16@example.org,(268)754-5223,35,1,Yes,1.0
171,Omobolanle,Iyadunni,Fagunwa,2008-04-06,Male,2023-06-21,2,"63426 Olaiya Spring, East Awerostad, NE 06036",gbadeboogunbamigbe@example.net,+1-325-267-6984,35,3,Yes,2.0
172,Omotara,Fibikemi,Faloye,2009-01-24,Female,2024-03-13,3,"94727 Ninalowo Crossing Apt. 625, Port Lere, AS 42503",aoyinlola@example.net,614.245.9220,17,1,No,1.0
173,Aanuoluwapo,Ronke,Koya,2009-05-21,Female,2023-08-25,4,"63199 Niyilolawa Prairie, Ogunbamigbeshire, HI 63746",ayinde68@example.net,779.675.0439,4,2,No,2.0
174,Keji,Yewande,Fasasi,2006-06-29,Male,2024-03-15,4,"893 Durodola Lakes, Adekitanland, CT 90488",eadebisi@example.com,+1-584-776-3766x304,3,1,Yes,4.0
175,Fehintola,Fehintola,Fagunwa,2006-10-10,Male,2021-01-19,3,"742 Temidayo Cape Apt. 542, Jaiyeolamouth, OR 07035",faloyeolansile@example.com,001-474-947-9532x0329,17,1,No,4.0
176,Ibidapo,Afolarin,Afonja,2007-06-08,Male,2021-10-07,2,"6880 Ajala Brook Apt. 300, Lake Isholaborough, CO 38769",olukungaomotayo@example.com,(425)261-3737,28,1,No,4.0
177,Oluwakemi,Tolulope,Adeyemo,2009-03-07,Female,2024-06-27,3,"33954 Fadipe Village Suite 048, South Sijuadeshire, SC 62754",bamiloyetoki@example.net,8708453266,25,2,Yes,
178,Omotayo,Mosunmola,Balogun,2004-09-18,Male,2023-06-24,2,"959 Koya Manor Suite 107, Port Ninioluwa, MH 97163",iseoluwaafonja@example.net,001-927-765-2314x4554,26,1,Yes,
179,Amoke,Ishola,Oyetoro,2006-02-14,Female,2024-01-22,3,"USS Balogun, FPO AE 37350",modupe00@example.org,483-386-8916x00339,23,1,Yes,1.0
180,Iseoluwa,Yejide,Edun,2008-07-29,Female,2021-09-15,1,"160 Niyilolawa Prairie Suite 311, Bamiloyeland, IN 43463",oladimejiolujimi@example.net,(517)528-7991x1670,44,3,Yes,3.0
181,Morayo,Subomi,Paimo,2004-11-17,Female,2022-01-04,3,"5147 Ayoka Stravenue Suite 546, Adekunleshire, NV 71223",durodolaowokoniran@example.org,+1-692-878-9221x3052,17,2,Yes,2.0
182,Lere,Iretioluwa,Oloyede,2006-02-03,Female,2022-08-30,3,"678 Fasasi Orchard, East Oluwoleberg, IN 84706",oluwamuyiwa44@example.org,(592)855-3082,37,2,Yes,2.0
183,Tolulope,Ishola,Awodiran,2003-12-17,Male,2024-08-30,3,"049 Afolabi Wall, Port Oladimeji, UT 99224",mofifoluwamakinde@example.net,498.386.1321x6104,4,3,Yes,1.0
184,Abayomi,Faderera,Ayandokun,2004-08-04,Female,2024-06-25,2,"8590 Olasupo Route Apt. 626, Lereberg, NJ 31955",modupeolujimi@example.com,(360)441-2757x96048,39,1,No,2.0
185,Seye,Omolabake,Oshin,2005-04-06,Male,2024-02-03,4,"5117 Ewatomi Shoal, Balogunside, AL 23305",tolulopefalabi@example.com,769.372.5752x065,5,2,No,2.0
186,Amoke,Leke,Oloyede,2008-11-24,Male,2021-08-13,1,"7422 Oluwagbemiga Rapid, Juwonborough, IN 16817",makindeoluwamuyiwa@example.net,(242)567-4418x9465,7,1,Yes,3.0
187,Radeke,Ololade,Owolabi,2007-01-26,Male,2021-07-26,2,"169 Olubode Square Apt. 683, Babatunjihaven, OH 10443",atinuke46@example.net,972-429-4099,13,2,Yes,2.0
188,Arinola,Motunrayo,Ayoola,2006-01-15,Male,2023-05-30,4,"2991 Akinkunmi Lodge, South Iyabodeside, VA 29326",mosinmileoluwa59@example.org,615.781.5133,9,3,No,3.0
189,Aderopo,Ajala,Oyadiran,2007-02-27,Male,2024-05-17,4,"854 Fadipe Garden, Oladareberg, UT 02177",morawooluwagbemiga@example.net,(287)483-7698x760,12,1,Yes,
190,Iyabode,Ajoke,Makinwa,2007-05-31,Male,2022-08-23,4,"724 Fajimi Trace Apt. 799, Olujimiview, KS 54111",fadekemialabi@example.com,+1-254-665-0188x2343,13,2,No,3.0
191,Lere,Oyenike,Ibikunle,2004-03-02,Female,2022-11-15,2,"194 Aanuoluwapo Fort Suite 142, Lake Alamuland, OR 36464",omolabake31@example.org,(429)720-7047x6796,50,1,No,2.0
192,Boluwatife,Adekunle,Makinwa,2006-05-10,Female,2022-06-04,2,"302 Makinde Curve Apt. 558, North Niyilolawaland, ID 69086",lolowokeere@example.net,+1-799-441-3631x2701,11,1,No,1.0
193,Oluwamuyiwa,Doyinsola,Paimo,2007-06-16,Female,2024-02-07,3,"7161 Oluwamuyiwa Spurs Suite 553, Ajayiland, NE 53758",damifesobowale@example.org,755-625-6268,25,2,Yes,
194,Adetoun,Alamu,Olukunga,2005-12-13,Male,2022-05-01,1,"031 Fadekemi Branch, Lake Ajoke, FL 32960",olusanyaomolabake@example.com,(851)818-6660,24,1,No,
195,Adepeju,Adigun,Adeleke,2004-11-12,Female,2021-03-29,4,"USNV Osuntokun, FPO AA 21439",inioluwa74@example.org,001-840-501-3631x779,45,2,Yes,3.0
196,Olansile,Olufunmilayo,Afolabi,2003-12-02,Female,2022-08-13,2,"16594 Omotola Ramp Suite 790, Adeshinastad, MO 27172",segilolaowokoniran@example.net,+1-339-456-7668x2605,46,1,Yes,1.0
197,Oluwafemi,Ayinde,Ogunbamigbe,2005-07-19,Male,2022-04-02,2,"1145 Ekundayo Village Suite 013, Fadererahaven, IN 13064",similoluwafajimi@example.net,001-675-748-1633,37,3,Yes,4.0
198,Moyosore,Abiona,Olukotun,2008-11-14,Female,2024-07-09,3,"6566 Oyinlola Meadows, Mojisolaside, NV 25658",coyaifo@example.org,798.923.1077x873,5,3,No,2.0
199,Olakunle,Moradeke,Oyinlola,2008-10-13,Male,2022-06-22,3,"060 Ekundayo Creek Suite 046, North Adedeji, NJ 92344",joloyede@example.net,+1-682-770-7400x01925,5,1,Yes,2.0
200,Motunrayo,Ololade,Oyetoro,2006-04-05,Male,2024-07-17,2,"340 Morenike Expressway Suite 985, Lake Adedejiborough, UT 17583",moradekeogunde@example.org,001-366-776-3488x18374,36,3,Yes,4.0
201,Ibidapo,Gbowoade,Oluwagbemi,2006-09-24,Male,2021-11-10,4,"371 Adesiyan Coves, Oginnishire, NM 16226",niyilolawa24@example.net,806.894.7253x430,15,1,Yes,1.0
202,Adeyi,Omotoun,Olaiya,2008-01-15,Male,2023-11-20,2,"31213 Bunmi Mount, Oluwagbemifort, CA 31413",adelusisegilola@example.com,+1-251-616-5594x52367,6,1,No,
203,Esupofo,Segilola,Morawo,2008-01-27,Male,2024-07-10,4,"06081 Ojo Meadow Suite 000, Olasupofurt, OH 39126",inioluwakoya@example.com,(639)468-1432x635,49,3,No,
204,Ewatomi,Oreofe,Oyeniyi,2008-11-09,Male,2023-08-25,3,"174 Kosoko Hollow, Adesuamouth, IL 77777",rowokoniran@example.net,792.864.4958,34,3,No,3.0
205,Adunni,Amoke,Faloye,2005-07-26,Male,2023-02-27,4,"Unit 3145 Box 0067, DPO AP 42906",wawolowo@example.org,415-247-6751x70342,26,3,Yes,1.0
206,Adebowale,Tolulope,Olaiya,2008-11-24,Male,2020-12-31,4,"8721 Ojua Ferry, Makinwaside, IL 29293",mosunmolaaderibigbe@example.org,(772)506-2820x448,14,1,Yes,3.0
207,Kolawole,Fikayomi,Awodiran,2008-06-23,Male,2021-12-01,4,"49155 Morolake Highway, Owokoniranchester, CO 16148",olusanyaomowumi@example.org,(216)882-8251x788,45,1,No,2.0
208,Moyosore,Wuraola,Olubode,2009-06-04,Female,2022-09-20,4,"61034 Simisola Union, Lake Morolake, CT 89128",omolarafaleti@example.org,001-241-274-9614x1398,13,3,Yes,
209,Adeniyi,Boluwatife,Ajao,2005-08-30,Male,2021-02-14,4,"85836 Ibironke Fields, West Doyinsolaport, WY 27154",kikelomobabtunde@example.net,001-539-672-2475x91714,23,3,Yes,1.0
210,Iseoluwa,Adebowale,Olusanya,2006-07-22,Female,2021-06-17,3,"155 Sijuade Brooks Suite 227, Fikayomiville, CA 77716",tomoriadegoke@example.net,+1-620-867-3561,34,2,Yes,1.0
211,Ajala,Eniola,Olukunga,2007-05-16,Male,2024-07-31,1,"3286 Ademiluyi Plain, Ajaohaven, OK 11312",segilolaafolabi@example.net,+1-291-707-1171,29,3,Yes,3.0
212,Ajoke,Shekoni,Adeleke,2008-02-05,Male,2023-05-28,4,"6103 Adebukola Brooks, West Omodunni, GA 91849",olansileafolayan@example.com,943.545.8199x270,25,1,Yes,2.0
213,Oluwasanmi,Korede,Odetola,2004-07-07,Female,2024-07-15,2,"6292 Olusanya Stream Suite 614, Lake Mojisoluwa, AS 34850",fadipeadekola@example.net,(502)847-4314,18,1,Yes,
214,Olufunke,Babawale,Olabode,2004-06-30,Female,2022-05-18,3,"6037 Leke Circle Apt. 749, East Ajalatown, PW 44865",rsoyinka@example.net,001-894-669-9777x01480,26,1,Yes,
215,Iseoluwa,Abayomi,Fadipe,2003-11-17,Female,2024-01-28,4,"81260 Osuntokun Parks Apt. 224, Adebowalehaven, IL 05935",ishola79@example.org,8606402114,4,2,No,2.0
216,Tade,Shekoni,Falabi,2006-02-04,Male,2021-03-14,3,"341 Awero Circles Suite 297, New Adeoti, MT 68324",cfalabi@example.net,001-292-318-2963x49158,20,1,Yes,1.0
217,Eniola,Korede,Oladipupo,2004-08-04,Female,2021-10-14,1,"023 Owolabi Path Apt. 685, Alabiport, MN 29732",holabode@example.org,200.868.3794x99409,16,3,No,4.0
218,Oke,Mosunmola,Paimo,2007-08-23,Male,2024-06-08,1,"USNV Olujimi, FPO AP 52981",motunrayo27@example.org,593-369-6582x5101,35,1,No,1.0
219,Adeyi,Adekitan,Oloyede,2005-08-11,Male,2023-04-18,4,"833 Ogunbamigbe Harbors Apt. 807, East Adedayo, WA 31662",fehintolakolade@example.com,542-337-4005x03726,1,1,Yes,4.0
220,Omolara,Babasola,Oladipupo,2008-10-16,Female,2023-11-25,4,"03395 Gbolahan Island, New Abiona, RI 84400",morawoobanijesu@example.net,+1-580-618-0626,9,2,Yes,2.0
221,Shekoni,Inioluwa,Jaiyeola,2006-11-06,Female,2022-01-16,1,"0111 Oyeyemi Square, Abosedeshire, NM 64626",asake00@example.org,001-810-735-1096x41102,5,1,No,2.0
222,Tomori,Olanrewaju,Ogunbamigbe,2008-11-17,Male,2024-08-07,2,"974 Ayoola Skyway Suite 748, South Ajokemouth, NV 11489",shekoni68@example.com,4935641182,10,3,Yes,2.0
223,Afolarin,Tomori,Odetola,2006-01-06,Female,2024-02-09,1,"1696 Owolabi Knoll, Iyandafurt, DC 70311",olujimiekundayo@example.com,(691)654-5810x5698,35,3,No,2.0
224,Ishola,Adesewa,Olubode,2008-03-05,Male,2022-08-25,3,"PSC 3052, Box 7785, APO AP 83251",rpaimo@example.com,861-832-8687,24,1,Yes,1.0
225,Awero,Gbowoade,Owoyemi,2005-07-11,Male,2021-01-31,4,"8990 Oloyede Springs Suite 026, South Adeshinaborough, CA 74545",oyaifoadesewa@example.org,(890)545-0000x6906,24,3,No,1.0
226,Adigun,Afolarin,Iyanda,2003-11-01,Female,2020-10-26,4,"71962 Kikelomo Squares, Oladipupoview, RI 25421",oadeyemo@example.net,942.739.1925x989,16,2,Yes,1.0
227,Ishola,Abosede,Paimo,2006-05-21,Female,2023-03-17,3,"2004 Ilori Mission Suite 737, Ogundestad, ME 66941",iretioluwafasasi@example.org,793.354.4260x03541,18,2,Yes,3.0
228,Oluwakemi,Adesoji,Ajao,2008-09-04,Female,2021-05-22,1,"76586 Adesiyan Fort Suite 911, East Adetayoberg, WA 61484",ogunwobialamu@example.com,986.729.1728x1463,29,2,Yes,2.0
229,Mojisoluwa,Omobobola,Olujimi,2008-10-19,Male,2023-06-08,3,"061 Ayandokun Centers Apt. 229, North Oluwagbemigaport, IN 47634",ogunbamigbesegilola@example.org,+1-775-441-7134,40,3,Yes,2.0
230,Oba,Adesoji,Balogun,2006-04-12,Male,2023-09-28,1,"99242 Adigun Forks, Amokefurt, HI 92216",ibidapoaderibigbe@example.com,(509)931-8284,1,3,No,1.0
231,Adeniyi,Mosunmola,Ajao,2003-11-03,Female,2023-10-03,3,"358 Bolatito Walks, North Adelekeburgh, FM 26361",ajani08@example.net,222.711.9374x3506,34,1,Yes,
232,Akanmu,Abebi,Bamidele,2004-01-03,Female,2024-06-24,4,"16836 Ogunbo Drives Suite 749, Olujimiville, IA 17814",bunmibamiloye@example.org,(779)225-7001,7,3,No,4.0
233,Segilola,Oke,Alabi,2005-03-21,Female,2022-11-17,4,"888 Adeyi Drives, Oluwamumiborifort, ME 83580",doginni@example.com,(658)996-8104,17,2,No,3.0
234,Sowande,Tade,Adegoke,2005-11-05,Male,2022-10-29,3,"22226 Odetola Points, North Abionafort, GA 62301",kajewole@example.org,+1-569-845-8040x544,46,1,No,1.0
235,Ayoka,Motunrayo,Ajao,2006-07-04,Female,2023-09-27,3,"6897 Adebiyi Springs, Afonjachester, AS 14723",fajimiadenike@example.net,001-563-417-8210x124,33,2,No,
236,Mosunmola,Adekola,Adegbite,2005-06-18,Female,2022-11-19,3,"5944 Balogun Mill Suite 545, Gbadebostad, CO 91142",xbabtunde@example.org,001-780-946-0090x6977,32,2,No,
237,Ekundayo,Amope,Olukunga,2007-04-19,Female,2023-12-22,3,"027 Akinrinola Key Apt. 788, North Anjolaoluwa, MA 69695",soyinkaleke@example.net,956.383.6233x4612,25,2,No,2.0
238,Bunmi,Abiodun,Ademiluyi,2007-06-29,Female,2023-11-14,3,"086 Faleti Via, East Damife, KS 38305",esupofo41@example.com,001-717-578-1954,5,2,Yes,4.0
239,Adetoun,Demilade,Awolowo,2003-11-12,Female,2022-02-05,4,"324 Ibidapo Rapids, Gbolahanfort, CO 43266",xoparinde@example.org,+1-630-676-9535x9301,42,3,Yes,1.0
240,Leke,Ajala,Soyinka,2006-07-10,Male,2021-01-10,2,"697 Bakare Lakes Apt. 939, Lake Oladareburgh, AL 11539",moyosore90@example.org,001-429-201-6926x374,43,1,No,4.0
241,Alade,Tade,Makinde,2009-05-16,Male,2023-05-22,3,"80364 Olufunmilayo Common, West Abayomiland, OK 78041",olukotunadekunle@example.net,469-214-1896x4980,44,3,Yes,1.0
242,Adepeju,Kolawole,Balogun,2008-02-07,Female,2021-06-08,3,"531 Ojo Ports, Makinwachester, SC 44890",xfaloye@example.net,(904)516-8070,26,1,Yes,2.0
243,Ayinde,Radeke,Ogunyeye,2008-06-09,Male,2023-01-27,1,"360 Aderogba Lake, Omojolafort, GA 38981",rafolayan@example.org,894-929-5209,34,3,No,
244,Toluwanimi,Babasola,Aderibigbe,2008-09-06,Male,2024-02-24,1,"0584 Adesua Squares Apt. 229, Adebisiburgh, NM 13348",yadegoke@example.org,+1-368-688-7001x7928,1,3,No,3.0
245,Amope,Yejide,Oparinde,2008-04-04,Male,2021-04-14,1,"435 Omojola Plains Apt. 033, West Olasunmbo, WY 66351",aderogbababawale@example.com,+1-563-664-0776x959,41,2,No,1.0
246,Ikeoluwa,Ajani,Bamidele,2009-03-09,Male,2024-05-22,4,"260 Ogunbo Harbors Suite 589, Olasupoton, KY 32430",kikelomo17@example.org,+1-308-942-6782x62247,36,2,No,2.0
247,Omosalewa,Amoke,Ogunbamigbe,2006-11-23,Female,2021-01-07,4,"18852 Amope Turnpike, Olusanyastad, MT 11426",ayokaafolabi@example.com,(575)213-4647,48,2,Yes,
248,Aderopo,Olakunle,Makinde,2006-02-01,Male,2023-10-13,3,"Unit 7130 Box 3363, DPO AP 96774",ikeoluwa33@example.org,246.633.6950,14,2,Yes,2.0
249,Olasunmbo,Abiodun,Adelusi,2009-06-04,Male,2022-05-31,3,"84662 Oyadiran Tunnel, East Oluwamumiboriborough, GA 77645",babatunji40@example.org,001-298-249-5922,28,2,No,2.0
250,Omosalewa,Omotara,Oyinlola,2007-04-16,Female,2020-10-26,2,"487 Olowokeere Heights Suite 443, Juwonmouth, IN 50063",xajayi@example.org,365-828-6982x433,23,2,Yes,1.0
251,Demilade,Yejide,Iyanda,2004-03-22,Male,2022-07-16,2,"PSC 1309, Box 9031, APO AE 34076",salamialade@example.net,001-564-804-9704x8630,46,3,No,3.0
252,Oluwakemi,Omolara,Oginni,2006-07-31,Female,2023-09-18,1,"8084 Adeolu Ports, Subomihaven, NC 90506",afolabioyenike@example.org,400.343.4881,21,3,Yes,2.0
253,Ayinde,Olasunmbo,Aderogba,2008-07-29,Female,2023-05-23,3,"747 Afonja Lake, Iyandastad, PR 44173",olaiyaoke@example.org,(354)920-2616,15,1,Yes,3.0
254,Alamu,Abayomi,Aloba,2006-11-20,Male,2022-08-27,1,"581 Iyanda Route Suite 097, Lake Adetokeberg, MO 82406",falabiakanmu@example.com,001-876-284-5483,26,2,No,3.0
255,Ajoke,Olakunle,Soyinka,2004-01-22,Male,2022-04-13,4,"853 Awero Meadows Suite 615, Oloyedeport, TN 20284",olakunle04@example.com,+1-473-604-3605x542,10,1,Yes,1.0
256,Awero,Moradeke,Afonja,2008-11-11,Female,2021-04-08,1,"46669 Akinlabi Bridge Apt. 656, Ogunbomouth, FM 48208",omidinaabayomi@example.org,403.828.6236x59162,40,2,No,1.0
257,Bolatito,Folu,Ogunwobi,2006-08-02,Female,2023-10-19,4,"4277 Afolayan Locks, Oyenikeville, CT 52336",ebamiloye@example.org,001-900-666-7770x260,31,3,No,1.0
258,Radeke,Ajani,Fajimi,2008-03-28,Female,2021-12-01,3,"749 Adekunle Spring, Olufunmilayoshire, DC 22843",uoluwagbemi@example.com,001-349-917-3710x18612,28,2,No,
259,Radeke,Morolake,Olujimi,2007-08-03,Male,2024-07-03,2,"115 Odunsi Port, North Akinlabiborough, FL 22727",tadegoke@example.org,736.325.9240,12,2,No,2.0
260,Sowande,Radeke,Omotoso,2004-03-17,Female,2021-05-30,4,"8875 Amope Squares Apt. 496, Port Amope, CO 09750",lere32@example.net,(675)224-7665x444,12,3,Yes,
261,Folashade,Atinuke,Oyinlola,2007-11-06,Female,2021-09-10,1,"865 Abayomi Ridges Apt. 737, Mojisoluwaburgh, KY 30621",oluwafemisoyinka@example.com,435-709-3981x10949,20,2,Yes,3.0
262,Adebowale,Ayinke,Balogun,2007-11-08,Female,2020-10-29,3,"017 Alade Extension Apt. 515, South Durodola, MN 22289",morayoajao@example.net,001-419-476-0471x134,27,3,No,3.0
263,Alade,Adebowale,Omidina,2009-03-16,Female,2023-07-31,2,"309 Oluwagbemiga River, Demiladeton, NE 85049",awodiranesupofo@example.com,6783648032,36,2,No,4.0
264,Adebukola,Omolabake,Oyinlola,2005-01-03,Female,2021-10-26,3,"26060 Ogunbamigbe Track, Tokunboshire, OH 71911",mojisolaoyeyemi@example.org,(561)689-3197,4,1,Yes,
265,Shekoni,Abebi,Bamidele,2004-07-09,Female,2020-12-08,1,"784 Oloyede Via Apt. 988, North Bolatito, FM 69634",fadereraogunbiyi@example.com,(313)259-5634x225,42,2,No,
266,Inioluwa,Oluwamumibori,Afolabi,2004-02-07,Female,2021-01-23,3,"89326 Niyilolawa Fort, Morolakehaven, HI 41398",colukunga@example.org,2942528720,34,3,Yes,4.0
267,Oluwamuyiwa,Leke,Adisa,2006-08-23,Male,2021-06-01,3,"22560 Falabi Shoal Suite 017, Alabimouth, VA 43354",babawaleadesiyan@example.net,622.620.9917x4191,45,1,Yes,
268,Alade,Ikeoluwa,Owokoniran,2003-12-20,Female,2024-06-16,1,"4783 Olubode Points, Port Oyindasola, WA 69164",xoyinlola@example.org,001-390-745-0427,47,1,No,3.0
269,Adekitan,Olufunke,Makinwa,2007-02-19,Male,2024-05-29,2,"7589 Olumorotimi Ridge, Balogunview, KS 58364",titilayo16@example.com,(429)211-7991x626,46,2,No,
270,Doyinsola,Abebi,Ogunde,2004-04-09,Female,2023-11-01,1,"0586 Modupe Throughway Apt. 537, Port ObaniJesu, WA 30759",olufunkebakare@example.org,7605939946,10,3,Yes,4.0
271,Adepeju,Yejide,Babtunde,2006-07-14,Female,2021-05-28,3,"9345 Ayinke Trail Suite 851, Lake Morayo, AS 05226",olufunke83@example.org,988-536-0172x9943,29,3,Yes,2.0
272,Similoluwa,Mojisoluwa,Salako,2008-12-17,Male,2021-10-27,1,"975 Shekoni Throughway, Port Amopeville, UT 83137",ssalami@example.org,545-244-9689x72006,16,3,Yes,
273,Folu,Iretioluwa,Ogulana,2004-11-23,Female,2022-03-01,3,"140 Edun Forges, Awodiranstad, GU 27950",mojisola49@example.net,991-790-0254,11,1,No,4.0
274,Adeolu,Adesewa,Adelakun,2007-06-10,Female,2023-08-25,3,"07773 Makinde Knoll, Ogunboton, WV 46778",tolulopebabtunde@example.org,679-723-8395x1023,15,1,Yes,1.0
275,Adeolu,Keji,Fajimi,2003-11-30,Female,2022-05-14,1,"31189 Ogunwobi Circle, East Adeoti, MI 78453",yejide10@example.net,383-802-6579x56050,32,2,No,
276,Kolawole,Asake,Oyetoro,2005-05-08,Male,2022-10-26,1,"88889 Ilupeju Ways, Lake Amokefort, ME 94710",bojo@example.net,495-279-3906x349,18,3,Yes,3.0
277,Adigun,Oluwasanmi,Ademiluyi,2007-12-24,Male,2021-06-27,3,"USCGC Afonja, FPO AE 06181",ajayiiseoluwa@example.com,(394)476-2628x373,12,2,Yes,2.0
278,Babatunji,Awero,Makinwa,2006-10-01,Female,2021-07-05,4,"06237 Mosinmileoluwa Lodge, New Faderera, GU 23086",olansileadelakun@example.com,+1-372-407-8265,2,1,Yes,2.0
279,ObaniJesu,Omobobola,Ogunbamigbe,2004-03-14,Female,2021-12-17,1,"760 Olusanya Cove, Damifetown, AR 61790",omobolanle75@example.com,001-509-964-0383x4328,28,2,Yes,
280,Ayinde,Babasola,Balogun,2005-05-05,Male,2023-05-15,1,"61814 Ayinde Locks, Koladehaven, WI 43273",tade77@example.com,9417856024,34,2,Yes,
281,Olufunmilayo,Abayomi,Adekunle,2009-04-02,Male,2023-05-23,3,"42529 Mosinmileoluwa Green Apt. 290, Ogindanchester, NV 04041",lere24@example.org,(876)597-0823x73710,40,3,Yes,2.0
282,Adeyi,Adebowale,Fajimi,2007-01-25,Female,2024-06-22,4,"077 Adekola Oval Suite 529, Modupemouth, KY 86688",mosunmolafaloye@example.com,684-435-2661,32,3,Yes,4.0
283,Ogooluwa,Ikeoluwa,Koya,2004-09-08,Male,2024-09-14,4,"6632 Osunleke Drives Apt. 432, West Fehintolaton, NM 18636",ogunwobiomosalewa@example.com,592.850.9243,11,3,No,2.0
284,Oluwole,Omosalewa,Ninalowo,2006-05-19,Female,2021-12-22,3,"94335 Ojua Haven Suite 566, Olaiyahaven, ME 67106",amokealabi@example.net,+1-799-652-0708,22,1,Yes,
285,Omosalewa,Adunni,Omidina,2006-02-07,Female,2022-06-02,4,"3244 Owokoniran Lights Apt. 514, West Omotayo, MN 65823",owolabiishola@example.com,001-948-574-8667,3,1,Yes,2.0
286,Lere,Doyinsola,Oginni,2007-11-06,Female,2020-11-18,2,"765 Toki Meadows, New Mofifoluwamouth, AZ 37668",polukunga@example.net,723.925.5111x100,47,2,No,
287,Ololade,Niyilolawa,Owokoniran,2004-08-22,Female,2024-08-05,1,"375 Shekoni Drive, Lake Amokeberg, WV 32310",adebukolabakare@example.com,(345)630-4135x648,37,1,No,3.0
288,Omobobola,Ikeoluwa,Olabode,2008-01-08,Female,2022-09-21,4,"32074 Olasupo Forest, Fadekemihaven, IN 76771",mojo@example.com,876.942.6019,27,2,Yes,4.0
289,Adetayo,Abebi,Awodiran,2004-07-24,Male,2021-08-01,2,"5313 Oshin Locks, North Olajumoke, NM 16115",fajimishekoni@example.org,919-878-5110,34,2,Yes,4.0
290,Abiona,Adesoji,Ayandokun,2009-09-06,Male,2021-04-01,3,"771 Adesiyan Highway, Ninalowobury, DE 62266",sbalogun@example.com,830-350-4035,14,2,Yes,1.0
291,Ikeoluwa,Babasola,Babtunde,2004-04-20,Female,2022-04-17,4,"29956 Ayodele Prairie Apt. 531, Tokunbobury, AL 19895",abebiajayi@example.net,(423)970-2419,8,1,Yes,1.0
292,Omobobola,Amoke,Ogunbamigbe,2004-10-13,Male,2023-06-02,2,"Unit 0786 Box 3820, DPO AP 10293",subomiakinrinola@example.net,667-543-8543,11,1,Yes,
293,Olumorotimi,Fibikemi,Adeleke,2009-08-12,Male,2024-08-10,4,"3841 Ibironke Track, Port Ishola, PA 07618",omolara37@example.org,(336)918-7862x23687,42,3,Yes,1.0
294,Ekundayo,Asake,Fadipe,2008-11-25,Male,2022-02-15,3,"6950 Morayo Burgs, Lake Sowandeton, CO 77919",adigun84@example.com,+1-224-523-5836x8445,46,2,Yes,
295,Adesoji,Toki,Bamidele,2008-08-15,Male,2022-12-09,4,"51324 Oladimeji Parkways Suite 813, Ololadeshire, SC 95421",odunsiadekola@example.org,+1-994-316-6259x534,34,1,No,
296,Omotayo,Akanmu,Bamidele,2008-10-16,Female,2021-11-03,3,"8994 Awero Via, New Yewande, OH 68375",omotosoinioluwa@example.com,232.810.3764x8741,24,2,No,3.0
297,Niyilolawa,Olufunke,Jaiyeola,2008-11-15,Male,2024-03-30,2,"713 Osunleke Field, East Alamuborough, MA 95716",damife19@example.net,7164609088,19,2,No,3.0
298,Mojisoluwa,Adebiyi,Odetola,2008-07-21,Female,2022-03-18,1,"7640 Ilupeju Hollow, Lake Mofifoluwa, SD 14551",xjaiyeola@example.org,639.518.5941,25,2,Yes,
299,Yetunde,Osunleke,Ogunbo,2004-08-08,Male,2023-12-21,2,"49484 Ogulana Avenue Apt. 698, Port Olumorotimi, MD 75192",bibikunle@example.com,001-860-541-6973,43,1,No,2.0
300,Fibikemi,Adesua,Olugbayila,2009-03-26,Male,2023-07-28,1,"458 Keji Green, Olubodestad, MP 79340",oowoyemi@example.com,403.337.3209,41,1,Yes,1.0
301,Olajumoke,Adekola,Akinrinola,2007-02-09,Female,2022-01-16,2,"23963 Adigun Plaza Apt. 860, Iloribury, ND 55649",cfaleti@example.net,001-540-445-2607x0940,45,3,No,2.0
302,Segilola,Damife,Bakare,2005-05-21,Male,2022-04-29,4,"24882 Omolara Hollow, Adeotitown, CT 55866",yejideogunbo@example.com,001-507-825-3547x49675,30,3,Yes,3.0
303,Ikeoluwa,Oluwakemi,Adesiyan,2007-12-24,Female,2022-08-11,4,"43518 Oyetoro Hollow Suite 656, Oluwamumiboriton, UT 23364",afolabioluwasegun@example.net,(890)940-8096,28,3,No,3.0
304,Arike,Abeni,Faleti,2008-08-07,Male,2022-10-06,4,"4286 Wuraola Tunnel, Fagunwamouth, PR 30435",owolabiige@example.com,504.509.3126x4017,8,3,Yes,
305,Babawale,Ololade,Oloyede,2007-06-23,Male,2024-06-20,2,"6867 Odetola Park Apt. 236, Ogunbiyihaven, NM 42944",lekeojo@example.com,790-378-9736,21,3,No,1.0
306,Omodunni,Ibidapo,Awodiran,2005-06-25,Male,2021-11-17,2,"96812 Ayinde Roads, New Sowandeborough, NJ 08280",ayoolamojisola@example.com,9685043422,33,1,Yes,1.0
307,Doyinsola,Adeshina,Olasupo,2007-03-25,Female,2023-06-27,3,"849 Oluwagbemiga Island Suite 013, Afolayanburgh, MI 59347",ogunboobanijesu@example.com,001-773-961-2712x883,31,1,No,
308,Ewatomi,Tomori,Ademiluyi,2006-02-23,Female,2021-10-30,2,"60441 Ogunbiyi Wells, Tolulopemouth, NM 69165",tawolowo@example.net,643.277.0310,38,2,Yes,3.0
309,Amope,Adeolu,Adelusi,2004-04-30,Female,2022-01-27,2,"43819 Adesoji Fields Suite 122, Lake Titilayoshire, MP 56456",esalako@example.net,(303)637-1363,4,1,No,1.0
310,Ayodele,Temidayo,Salami,2004-05-17,Female,2023-01-25,3,"73554 Adekola Flats, Kosokoborough, MP 94467",afonjaishola@example.net,(714)252-9646x603,3,3,Yes,
311,Motunrayo,Ninioluwa,Fasasi,2009-06-22,Female,2024-08-09,3,"557 Ishola Loop Apt. 499, Awodiranborough, NJ 78080",palabi@example.org,(782)299-1565x09782,2,1,Yes,2.0
312,Olanrewaju,Fibikemi,Paimo,2005-04-08,Male,2023-08-18,1,"PSC 7902, Box 6908, APO AA 61948",oluwagbemigaoyetoro@example.org,+1-700-202-9244x0582,28,2,No,
313,Omosalewa,Mojisola,Babtunde,2006-11-11,Female,2021-10-02,3,"7653 Mosinmileoluwa Village Suite 409, Adeotibury, MO 58353",ekundayo96@example.org,(487)281-8814x3002,43,2,Yes,
314,Olakunle,Inioluwa,Bakare,2009-04-24,Female,2023-06-17,1,"PSC 1653, Box 1260, APO AE 35784",adekolafasasi@example.com,409-240-9062x46735,43,3,No,2.0
315,Modupe,Omolabake,Omojola,2004-01-17,Male,2024-09-28,1,"2844 Ninioluwa Mountain, North Awero, ND 99017",adeyemooluwasanmi@example.com,575.840.0334x647,27,2,No,3.0
316,Folashade,Akinwale,Olubode,2004-11-03,Female,2020-12-18,2,"118 Olumorotimi Manor, Fagunwafurt, CT 28271",adeleke69@example.com,(913)983-3461x46973,39,3,No,2.0
317,Olakunle,Olanrewaju,Odetola,2004-10-05,Male,2023-07-08,2,"9555 Ajewole Rapids, Abionaberg, IA 92461",adesewa36@example.com,(257)694-7719x41277,41,1,Yes,3.0
318,Awero,Fadekemi,Ojo,2006-04-08,Female,2023-04-19,1,"18225 Edun Streets Apt. 390, Olumorotimifort, NJ 42064",afolarinedun@example.net,(271)286-5150x3503,4,3,Yes,1.0
319,Tade,Adepeju,Olubode,2007-07-10,Male,2024-06-11,3,"3244 Folashade Falls Apt. 425, West Boluwatife, WY 30164",adeyi44@example.com,(285)875-8922,4,2,Yes,4.0
320,Osunleke,Fadekemi,Aloba,2005-09-12,Female,2021-05-22,2,"492 Adebiyi Pines, Afolabimouth, SC 50878",iloriboluwatife@example.com,549-232-1433x47909,9,1,Yes,4.0
321,Oluwasanmi,Mosunmola,Aderibigbe,2007-05-27,Female,2021-12-03,4,"87766 Ige Keys Suite 807, Iretioluwamouth, MI 89245",omodunniolowokeere@example.org,550-437-0190x1029,7,2,Yes,
322,Adesewa,Oladimeji,Oluwagbemi,2007-04-03,Female,2023-03-23,4,"6837 Olusanya Stream, North Omobolanlefurt, ID 18407",kolawole74@example.org,+1-624-777-5408x9401,18,1,No,
323,Fadekemi,Ekundayo,Owoyemi,2006-06-10,Male,2023-08-26,4,"533 Makinde Fall, East Ayoka, TN 08988",uodetola@example.org,(439)785-4157x58702,5,1,No,1.0
324,Bolatito,Juwon,Omojola,2008-01-26,Female,2023-07-09,4,"81804 Oginni Course Apt. 261, New Ibidapo, TN 16207",ogunboabiodun@example.org,001-799-395-5511x68997,42,1,No,3.0
325,Abiodun,Esupofo,Iyanda,2009-05-28,Female,2023-01-01,2,"71579 Arike Tunnel, Ogindanbury, MS 21870",ibidapo84@example.org,001-300-540-0103x94419,24,2,Yes,4.0
326,Oluwamumibori,Adigun,Alabi,2005-04-08,Female,2023-03-03,4,"5145 Ninalowo Club Suite 422, East Toluwanimi, WV 82172",gowolabi@example.net,579-529-8236x26475,16,3,Yes,
327,Adeoti,Fikayomi,Adelusi,2009-09-05,Female,2022-07-26,4,"70515 Kosoko Glen, East Aanuoluwapoberg, NY 43854",olufunmilayo85@example.net,(750)743-2764x7985,20,2,Yes,1.0
328,Ninioluwa,Babawale,Olubode,2008-12-05,Male,2022-04-25,2,"31319 Radeke Camp Suite 063, Lake Fibikemi, PW 73046",olabodeibidapo@example.com,+1-625-534-7716x203,29,3,No,
329,Babasola,Adeleke,Falabi,2007-12-25,Male,2023-11-15,4,"96617 Omodunni Rue, New Ewatomimouth, GA 16427",doyinsolaadebisi@example.net,(721)655-1237,2,1,No,2.0
330,Adesua,Inioluwa,Oparinde,2004-11-14,Female,2024-03-27,4,"405 Fajimi Forks Apt. 146, Oluwasanmiland, AS 13155",inioluwaodetola@example.org,+1-464-939-5361,12,1,Yes,2.0
331,Adedayo,Subomi,Ojo,2007-10-05,Female,2024-02-10,4,"802 Omolabake Greens, Port Iretioluwa, NH 45581",odetolakeji@example.org,890.755.4172,11,2,Yes,4.0
332,Adekola,Olufunke,Ajewole,2005-01-08,Male,2021-11-04,1,"10398 Ajala Road, Boluwatifeville, WY 36087",cafonja@example.net,2094836519,46,1,No,1.0
333,Bunmi,Simisola,Olasupo,2007-07-09,Male,2024-07-13,4,"300 Oluwasanmi Shoals Suite 946, Lake Kikelomo, ME 06587",sosuntokun@example.org,742-819-3579x47177,2,2,No,3.0
334,Olajumoke,Korede,Adisa,2006-11-21,Male,2022-04-21,2,"438 Koya Dale Apt. 707, South Ekundayoborough, AR 64972",gojua@example.net,8006691956,27,2,Yes,3.0
335,Moyosore,Oyindasola,Afolabi,2008-04-25,Female,2022-12-25,4,"4556 Simisola Fork, South Omotarastad, IL 76814",obanijesukolade@example.net,4986679183,11,1,No,1.0
336,Oluwasanmi,Akanmu,Ilori,2004-04-04,Female,2022-02-17,4,"04610 Ogooluwa Run, Port Bolatito, VT 92106",ibikunleafolarin@example.net,457.872.7632x0683,33,3,Yes,4.0
337,Motunrayo,Ololade,Oyetoro,2005-04-10,Female,2024-08-27,4,"38494 Olaiya Viaduct, Ajokefurt, DC 54564",qibikunle@example.com,598-933-9723x57219,12,1,No,2.0
338,Olasunmbo,Adekunle,Fajimi,2007-02-04,Male,2022-12-04,3,"98610 Osuntokun Road Apt. 698, South Osunleke, SD 54590",olajumoke47@example.net,+1-442-381-0615x2523,18,3,Yes,1.0
339,Oluwakemi,Shekoni,Alabi,2005-07-23,Male,2021-12-22,3,"057 Subomi Drive, West Akinlabiview, CO 34282",yolaiya@example.org,+1-950-267-8319x206,27,3,No,4.0
340,Oluwakemi,Akanmu,Kosoko,2006-05-09,Male,2023-05-15,2,"5168 Adesiyan Rest, Lake Oluwagbemiga, RI 95357",oluwolebabtunde@example.org,2963238104,25,1,Yes,2.0
341,Gbadebo,Gbadebo,Oloyede,2005-12-09,Female,2024-09-15,4,"737 Bamiloye Haven Suite 772, South Adeshina, WI 96093",oreofe07@example.net,446.901.0656,31,2,Yes,3.0
342,Afolarin,Abebi,Ajewole,2004-07-07,Female,2022-06-22,4,"82693 Ogunbo Point Apt. 187, Iseoluwaport, CT 57502",omotara76@example.net,001-264-721-8214,37,2,No,2.0
343,Babasola,Niyilolawa,Olukotun,2004-08-10,Female,2022-01-16,2,"69839 Koya Turnpike Apt. 330, Port Isholahaven, RI 64301",oparindeekundayo@example.org,(263)351-6234,19,3,No,1.0
344,Akinwale,Omolara,Ojua,2007-12-01,Male,2022-12-03,1,"654 Ademiluyi Summit Suite 907, West Adetountown, PR 98528",adebiyi94@example.com,+1-758-347-3849,44,2,No,
345,Iretioluwa,Anjolaoluwa,Ojua,2007-11-06,Female,2022-11-15,3,"452 Toki Mews Suite 675, Lake Oluwagbemiga, FM 11926",rilori@example.org,(486)948-7646x472,17,1,No,2.0
346,Adekitan,Fehintola,Oginni,2004-04-14,Male,2024-09-17,2,"1184 Omosalewa Vista Suite 594, New Adesuatown, NY 21839",kbakare@example.net,644.895.3106,15,2,Yes,3.0
347,Babasola,Ishola,Ogunbamigbe,2009-06-29,Male,2022-12-29,1,"8722 Oba Mills, Port Omotola, CT 14057",adekunlegbowoade@example.org,(948)966-0088x488,26,3,Yes,4.0
348,Iyadunni,Omobobola,Ajewole,2006-08-05,Female,2021-07-13,3,"9400 Bunmi Dale Suite 734, Asaketon, VT 99805",omosalewa55@example.org,(304)866-8651x0856,22,1,Yes,1.0
349,Morolake,Adepeju,Adeleke,2004-05-25,Female,2024-09-20,2,"2763 Akinkunmi Harbors, East Lekemouth, CA 29166",jkolade@example.net,(358)600-0688x1996,48,2,No,3.0
350,Babasola,Toki,Jaiyeola,2009-06-13,Male,2021-07-17,2,"445 Ajala Summit Suite 558, Adeyemomouth, PA 84113",falabiadesoji@example.org,476-420-3816x146,46,2,Yes,1.0
351,Oluwasegun,Fibikemi,Sobowale,2006-04-02,Male,2023-06-30,1,"4021 Bolatito Spur Apt. 121, Oloyedemouth, CA 82894",ademiluyiawero@example.org,001-544-726-5969x185,21,3,Yes,4.0
352,Adenike,Atinuke,Alabi,2005-12-06,Male,2020-12-21,4,"46647 Wuraola Expressway, Oreofeton, NH 80486",ukolade@example.com,001-411-745-1587x018,21,1,Yes,2.0
353,Adenike,Doyinsola,Fajimi,2006-12-01,Male,2024-01-02,2,"9782 Fibikemi Trail, Makinwafurt, WI 27778",juwonadisa@example.org,462-697-4979,35,3,Yes,1.0
354,Wuraola,Iseoluwa,Makinde,2004-05-08,Male,2023-02-02,2,"03206 Salako Parkways, Oladimejiport, WV 83695",xoyinlola@example.com,001-836-375-3904x284,17,3,Yes,1.0
355,Mosunmola,Gbadebo,Koya,2008-08-18,Male,2022-09-29,1,"39989 Omowumi Rapids, Olukungaland, PA 25093",oluwagbemiga17@example.com,715-905-0087,27,2,Yes,2.0
356,Doyinsola,Oluwakemi,Salako,2006-02-08,Male,2024-07-01,3,"775 Iyanda Loaf Suite 761, West Doyinsola, PA 75499",modupe87@example.com,+1-884-744-1199x71902,12,3,No,1.0
357,Abebi,Amope,Olasupo,2007-10-22,Female,2024-04-04,4,"77969 Mojisoluwa Passage Apt. 551, Adisatown, MH 95277",adekola26@example.net,788-755-3223,41,3,No,1.0
358,Abebi,Toluwanimi,Ibikunle,2007-03-11,Female,2021-07-09,2,"89547 Anjolaoluwa Loop, West Toki, IN 43407",koredeogunbamigbe@example.com,6585282187,6,1,Yes,1.0
359,Omowumi,Oluwasanmi,Falabi,2009-01-06,Male,2024-09-29,2,"6674 Adeleke Station, New Adenike, VI 11130",solugbayila@example.net,837.605.3112,42,2,Yes,1.0
360,Demilade,Adedeji,Omojola,2004-03-26,Female,2021-01-31,4,"041 Adesua Locks, East Korede, MD 78899",ajalaolaiya@example.com,001-769-449-2660x9630,46,3,Yes,3.0
361,Ayinde,Osunleke,Falabi,2008-10-12,Female,2023-02-07,4,"4862 Ajao Well, Oyetoroville, HI 29988",odetolasegilola@example.net,(716)992-8059x084,50,1,No,
362,Ige,Kikelomo,Aloba,2006-05-24,Male,2021-10-19,4,"47377 Olusanya Bridge, South Omodunniside, MP 98866",noloyede@example.org,204-955-9865x57487,21,1,Yes,1.0
363,Gbolahan,Adebiyi,Ayoola,2004-09-23,Male,2024-08-22,3,"4602 Olabode Field Suite 028, Omotaraview, DE 39072",asake83@example.org,+1-288-891-8033,8,3,No,1.0
364,Adepeju,Olumorotimi,Oparinde,2009-03-05,Female,2021-06-30,4,"9319 Gbolahan Crest, West Adebiyiton, PW 61603",fasasibunmi@example.net,338.790.0578x416,12,3,Yes,3.0
365,Simisola,Adeoti,Paimo,2009-03-29,Male,2023-04-14,3,"502 Damife Ferry, Awodiranborough, CA 18517",ajala26@example.org,(943)680-8138,19,3,Yes,3.0
366,Abiodun,Adekitan,Bakare,2007-12-26,Female,2022-10-21,3,"847 Ninalowo Lock, North Omotara, NC 49720",adebiyioyinlola@example.net,543-753-5788x7878,36,3,No,2.0
367,Motunrayo,Adeoti,Owoyemi,2008-03-10,Female,2023-01-18,1,"558 Omotayo Alley Apt. 145, North Akinkunmimouth, CA 42008",alamu40@example.net,636-238-3042,31,1,Yes,1.0
368,Babawale,Adeoti,Ogunbiyi,2009-05-18,Male,2023-06-12,2,"916 Adebukola Terrace Suite 500, North Oreofemouth, AS 91025",oyeyemiabiona@example.net,(489)805-4351,35,1,Yes,
369,Fibikemi,Adesua,Adelakun,2004-05-21,Female,2023-09-14,4,"9213 Gbadebo Ways Suite 149, New Kolawoleport, NM 25243",oluwamuyiwa31@example.org,+1-871-290-8885,5,3,Yes,3.0
370,Mojisoluwa,Adeniyi,Adelusi,2004-08-24,Female,2023-12-03,3,"23166 Adegbite Orchard Apt. 813, South Abayomitown, KY 06858",adeotifaleti@example.org,(737)555-7380,32,2,Yes,1.0
371,Mojisola,Moradeke,Adesiyan,2003-12-13,Female,2022-01-06,3,"9491 Adeleke Point, Ajewoleton, AR 82811",ogunbiyifikayomi@example.net,300.659.3488x5148,1,1,No,1.0
372,Amoke,Toki,Oshin,2003-10-16,Male,2024-08-24,1,"61316 Demilade Run Apt. 132, Oyeyemistad, NM 09195",jaderibigbe@example.com,+1-726-768-8494,47,1,Yes,
373,Morayo,Oluwasegun,Faloye,2006-08-30,Male,2023-02-18,1,"9176 Lere Orchard, Oyeyemifurt, FM 85694",qajao@example.com,+1-383-733-6197x83220,27,1,Yes,4.0
374,Alamu,Moradeke,Salako,2006-07-19,Male,2023-04-15,1,"0788 Iyanda Ranch, Oyetoroville, ID 29685",adedayoowolabi@example.org,835-572-8819x961,10,2,No,
375,Tokunbo,Adeniyi,Ogindan,2006-09-11,Male,2021-03-23,1,"46158 Owoyemi Road, West Iyadunnimouth, NM 14298",abiodun29@example.com,+1-629-663-4284,41,1,No,1.0
376,Adetayo,Damife,Olugbayila,2005-09-09,Male,2023-05-24,2,"91557 Adepeju Knolls, South Akinkunmi, GU 50366",subomiadeleke@example.org,001-508-533-9820x756,1,1,No,2.0
377,Tade,Temidayo,Oshin,2008-08-30,Male,2022-08-08,3,"186 Osunleke Tunnel, Olasupohaven, WA 95729",bfajimi@example.org,858-849-5255x4304,6,3,Yes,
378,Moradeke,Omodunni,Adegoke,2006-10-01,Male,2021-10-27,2,"5559 Mosunmola Freeway, Ajaniport, VA 75021",tadekunle@example.org,(710)659-4124x427,29,2,No,3.0
379,Arinola,Ikeoluwa,Olukunga,2004-06-17,Female,2023-08-01,4,"4746 Adeleke Overpass, Mosinmileoluwashire, NY 72993",ronkesobowale@example.net,001-779-478-3945x37161,10,1,No,4.0
380,Mojisoluwa,Adesua,Sobowale,2008-08-06,Female,2022-01-21,3,"USNV Ajao, FPO AP 45244",oladimejiafonja@example.com,001-311-380-2128x372,25,3,Yes,2.0
381,Sowande,Fibikemi,Aderibigbe,2005-04-11,Female,2023-12-13,1,"678 Ninalowo Shoals, Oluwagbemimouth, MS 29328",oyindasolakolade@example.com,(313)894-2954x143,20,1,Yes,
382,Omolabake,Ayinde,Ogindan,2006-05-16,Female,2020-10-16,2,"710 ObaniJesu Neck, Port Mosinmileoluwamouth, NC 98164",afolarin06@example.org,524-515-2232,18,1,No,1.0
383,Inioluwa,Arinola,Awolowo,2006-04-29,Male,2022-09-15,3,"7588 Paimo Lights Suite 823, Adeoluhaven, ID 03274",mojisoluwa13@example.org,633.723.1543x353,26,1,Yes,3.0
384,Titilayo,Doyinsola,Oyeyemi,2009-03-03,Male,2022-10-10,2,"898 Doyinsola Spring Suite 393, Olasupomouth, TX 64854",osobowale@example.org,419-436-0403x8529,32,2,Yes,
385,Anjolaoluwa,Ibidapo,Oyadiran,2007-02-03,Female,2024-08-02,2,"USS Adebisi, FPO AE 62385",coparinde@example.com,768.236.8836x950,41,3,Yes,1.0
386,Adekola,Atinuke,Balogun,2009-02-28,Male,2023-09-23,1,"879 Omotola Pike, Ibikunleshire, DE 12652",lmakinde@example.org,296.502.0429,46,2,No,4.0
387,Adedayo,Iyabode,Ojo,2005-01-11,Male,2023-08-23,4,"164 Adegbite Crossing, Morayoberg, MA 71939",omidinaoluwakemi@example.org,227-416-5920x248,49,2,No,4.0
388,Omotoun,Demilade,Owokoniran,2008-08-15,Female,2024-05-17,4,"21824 Ajani Spur Suite 971, Ojuamouth, KY 18529",rbakare@example.org,9979893533,50,1,No,1.0
389,Olufunmilayo,Aanuoluwapo,Oladipupo,2007-01-17,Female,2023-05-19,4,"713 Adegbite Station Suite 982, Fikayomihaven, VT 95892",towoyemi@example.net,001-589-779-0798x535,25,3,No,2.0
390,Ibidapo,Moradeke,Omojola,2008-11-10,Male,2022-08-08,3,"819 Olusanya Rapid, Mofifoluwachester, TX 21660",ololadeakinrinola@example.org,001-856-441-7585,28,3,No,1.0
391,Mofifoluwa,Adigun,Oluwagbemi,2008-05-09,Male,2023-02-12,4,"27680 Jaiyeola Springs, Koredemouth, PA 36292",mofifoluwaalabi@example.com,+1-482-976-9547x5775,5,3,Yes,3.0
392,Adebiyi,Mojisola,Ojo,2005-05-23,Male,2022-11-22,3,"6364 Abebi Row Apt. 020, Yejidemouth, MT 13792",arike33@example.com,+1-527-919-0256x051,39,2,Yes,4.0
393,Gbowoade,Amope,Balogun,2005-07-22,Female,2021-06-07,4,"8752 Arinola Prairie, Salamiport, LA 76535",keji45@example.com,+1-323-271-7209x87821,25,3,Yes,3.0
394,Subomi,ObaniJesu,Ninalowo,2005-07-27,Female,2021-03-17,3,"PSC 7875, Box 6482, APO AE 65797",kolawole03@example.org,858.540.4123x9061,46,1,Yes,3.0
395,Akanmu,Temidayo,Ogunyeye,2009-01-25,Female,2021-02-23,3,"Unit 8824 Box 1168, DPO AA 76793",tokioshin@example.org,001-520-298-3774x614,19,1,Yes,
396,Moradeke,Omolara,Ajewole,2007-06-07,Female,2021-02-05,3,"27829 Olufunke Stravenue, Oparindefort, VT 23143",oshinadebiyi@example.net,001-318-286-6752x29193,40,3,Yes,3.0
397,Babasola,Oluwakemi,Koya,2009-01-23,Female,2021-07-05,4,"38748 Paimo Passage Apt. 714, Igefort, WV 72271",ninioluwa70@example.org,3746437996,20,1,Yes,2.0
398,Ajala,Morenike,Olabode,2005-04-10,Female,2022-04-15,3,"302 Ademiluyi Drive, Alamushire, WV 47889",fadipeboluwatife@example.org,(208)472-7143x163,34,3,No,1.0
399,Ekundayo,Adesewa,Fajimi,2005-10-24,Male,2022-04-22,2,"70007 Adunni Greens Suite 287, Bamiloyehaven, MT 97391",kejifasasi@example.org,247-694-4130x263,7,2,No,4.0
400,Tade,Ekundayo,Babtunde,2007-04-11,Female,2022-04-04,3,"63550 Ige Forks Suite 005, Olansiletown, WA 76434",sijuade72@example.com,610-783-2898,27,2,Yes,2.0
401,Iretioluwa,Abeni,Ogunwobi,2006-03-16,Female,2022-06-03,2,"98932 Juwon Summit Suite 596, Lake Mojisolafort, RI 92363",shekonikolawole@example.net,+1-928-726-8106x2232,40,1,Yes,2.0
402,Wuraola,Moyosore,Oshin,2005-06-12,Male,2023-06-29,3,"44253 Boluwatife Parkways, North Mosunmolaside, LA 05901",omotosoninioluwa@example.org,(280)661-0044,4,1,No,
403,Mosinmileoluwa,Ololade,Sobowale,2007-02-01,Female,2021-12-05,4,"USCGC Ojo, FPO AE 35498",omobobola54@example.net,439-873-2820x36260,18,3,Yes,4.0
404,Modupe,Omotayo,Oyadiran,2004-02-26,Female,2024-08-06,4,"1231 Ayinde Parkway, Lake Tomoriport, MH 47287",olugbayilatomori@example.org,+1-510-987-5597x33103,9,2,Yes,2.0
405,Olufunke,Oke,Babtunde,2009-09-20,Male,2023-02-09,4,"0535 Oloyede Lodge Apt. 730, East Adeshinastad, NE 66822",koredeolugbayila@example.net,(566)887-3483x885,28,1,Yes,3.0
406,Kikelomo,Folashade,Olabode,2004-03-29,Male,2021-09-16,1,"9930 Adedayo Fords Suite 667, Akinlabiland, CO 98431",adebiyiadegbite@example.org,758-486-6616,35,1,Yes,
407,Amoke,Olufunke,Ogulana,2006-11-07,Male,2024-06-19,2,"53365 Afolabi Course Apt. 387, Adetounville, WA 27951",oyaifoalamu@example.org,001-764-492-9161x958,8,2,Yes,3.0
408,Fadekemi,Adeolu,Faloye,2005-12-31,Female,2021-08-08,2,"407 Ibikunle Shoal Apt. 269, Olufunmilayoview, TX 29568",adenikekoya@example.com,272-317-4620x1799,42,3,Yes,
409,Omolara,Adeoti,Soyinka,2007-02-23,Male,2021-04-20,2,"883 Odunsi Wall, Paimoborough, NY 10102",dfagunwa@example.com,+1-480-631-6667x072,14,1,No,4.0
410,Omotoun,Omotola,Afonja,2004-10-10,Female,2020-11-16,1,"5805 Makinde Plains, Mosinmileoluwaview, NH 62874",fagunwaololade@example.net,247-712-2565x3749,24,3,No,4.0
411,Anjolaoluwa,Arike,Adelakun,2009-07-01,Male,2022-11-02,2,"37289 Oladimeji Locks, West Oluwamuyiwa, IN 78736",milori@example.net,230-593-2473x78618,25,2,Yes,4.0
412,Ige,Omotola,Akinrinola,2006-04-05,Female,2022-11-29,1,"50246 Adeolu Expressway Suite 475, New Alamu, AS 85254",lbakare@example.com,5704308539,14,3,Yes,3.0
413,Toki,Adebiyi,Paimo,2008-06-12,Male,2021-12-29,4,"8854 Titilayo Junctions, Ogunbamigbeside, WV 57713",oyenike15@example.net,607.836.3455x1600,6,3,Yes,3.0
414,Motunrayo,Simisola,Owoyemi,2006-12-05,Female,2021-12-04,2,"Unit 1165 Box 1569, DPO AP 21161",ewatomi86@example.org,(377)533-2262x518,3,1,No,3.0
415,Tomori,Adetoke,Falabi,2007-11-07,Male,2023-09-23,4,"2735 Olaiya Field Apt. 218, North Adekunle, GA 75766",mojisoluwa47@example.com,778-421-9245,7,1,Yes,3.0
416,Adeyi,Abosede,Ogunwobi,2007-06-24,Female,2020-11-24,1,"94819 Makinwa Mission Suite 359, Oyadiranchester, NY 23313",oladipupoabebi@example.net,737.683.6458x10251,32,2,Yes,
417,Morayo,Ayoka,Adeyemo,2005-01-18,Male,2022-04-09,3,"223 Olubode Crossroad Apt. 517, New Akinwalestad, OH 23178",inioluwa15@example.net,(889)804-5417x31377,23,2,Yes,
418,Adepeju,Mosunmola,Olukunga,2004-11-19,Female,2023-02-01,4,"7979 Oluwafemi Parkway Suite 007, South Iseoluwa, PW 61846",ufasasi@example.org,8275241523,47,2,Yes,2.0
419,Subomi,Durodola,Oladipupo,2006-01-17,Male,2022-05-01,1,"42728 Ibikunle Hills, Esupofostad, CO 80064",babasolabalogun@example.net,981.917.4307x08466,12,3,Yes,4.0
420,Oluwasanmi,Kikelomo,Olaiya,2004-12-08,Male,2022-12-04,2,"1506 Ibikunle Square Suite 978, Ayandokunside, WI 11985",ikeoluwa04@example.net,+1-549-918-8825x21901,40,1,Yes,2.0
421,Ololade,Awero,Ogulana,2009-02-03,Male,2024-02-11,2,"524 Eniola Hills Suite 619, Ojuahaven, FM 55694",adigunogunyeye@example.org,939-538-0282x65799,38,3,Yes,1.0
422,Fadekemi,Omotara,Owokoniran,2004-07-25,Male,2021-06-25,4,"422 Adekunle Pass, North Ewatomibury, MI 41504",lajao@example.net,+1-457-942-2461x79961,28,1,Yes,1.0
423,Fehintola,Afolarin,Oshin,2009-05-31,Male,2022-01-17,1,"2991 Shekoni Drive Apt. 046, West Oladimeji, DE 16784",osunlekeolusanya@example.net,(872)293-6212,2,2,Yes,1.0
424,Inioluwa,Yewande,Oloyede,2006-02-28,Male,2024-05-12,1,"0928 Salami Plains, Olowokeereside, MP 76072",ogindanosunleke@example.com,+1-495-778-6679,9,2,No,3.0
425,Omolabake,Adetoun,Ojua,2003-10-28,Female,2021-01-07,3,"77187 Aderibigbe Rapids, Owoyemifurt, VT 69881",ogunyeyefikayomi@example.com,+1-668-744-4633x4193,13,3,Yes,1.0
426,Yewande,Sijuade,Ajewole,2008-08-16,Male,2023-12-02,2,"46135 Aloba Burgs Suite 843, Port Oladare, TX 32061",nfaloye@example.com,001-566-993-4977,30,1,Yes,
427,Arike,Yetunde,Bamiloye,2004-11-12,Male,2024-06-08,4,"05539 Shekoni Passage, South Ibidapohaven, NY 60478",oluwagbemiadeshina@example.com,(642)590-4969,25,2,Yes,
428,Ibironke,Adeolu,Oyeniyi,2009-08-04,Female,2020-11-09,1,"45104 Ogunyeye Common, Faloyetown, MA 50731",ayandokunolasunmbo@example.org,877.429.2079,47,1,Yes,
429,Adebiyi,Ayinde,Makinwa,2008-08-08,Male,2021-07-24,2,"814 Osuntokun Parks, West Adekunle, ND 90045",omotayo81@example.net,647-665-8418x718,28,2,Yes,2.0
430,Wuraola,Damife,Fasasi,2006-04-10,Male,2021-04-28,4,"1075 Tade Gateway Apt. 051, South Isholaland, SC 28710",awodiraniretioluwa@example.net,999-645-5636x00370,37,2,No,2.0
431,Akanmu,Akanmu,Adekunle,2007-05-13,Female,2020-12-11,2,"211 Oshin Lodge Suite 491, North Abiodun, HI 40347",olasunmbo04@example.org,420.842.0415,34,2,Yes,2.0
432,Yejide,Akinlabi,Odetola,2008-04-24,Male,2022-01-25,3,"3417 Oladipupo Loaf, Ogunbamigbefort, AZ 88199",eniolaolaiya@example.org,(819)278-9027x693,43,3,No,2.0
433,Iyabode,Adeyi,Ogunde,2006-03-24,Female,2024-06-08,4,"645 Ogunyeye Route Suite 301, Oyeyemifort, GA 85006",ogunbiyioreofe@example.net,8627583758,9,1,Yes,1.0
434,Adebukola,Amope,Oshin,2004-06-01,Female,2022-07-25,2,"3935 Paimo Forest Suite 757, Port Oba, NE 08193",koredeolubode@example.net,907-905-8276x776,28,1,Yes,1.0
435,Babasola,Oreofe,Adeleke,2004-01-19,Male,2024-02-01,1,"USNV Ogulana, FPO AP 02790",oshinmotunrayo@example.com,(499)666-2626,12,2,Yes,2.0
436,Babatunji,Sijuade,Ajayi,2003-10-15,Male,2022-07-05,1,"7841 Olakunle Garden, Lake Segilola, GU 75813",adeyi53@example.org,(668)583-2125,16,2,No,1.0
437,Tolulope,Simisola,Babtunde,2004-10-23,Female,2024-04-09,2,"6118 Olubode Islands Suite 323, Olusanyaton, UT 07017",doyinsolaolukunga@example.net,+1-995-923-1745,36,1,Yes,2.0
438,Oluwole,Ikeoluwa,Ilupeju,2006-11-01,Male,2022-10-10,2,"31300 Fibikemi Crescent, Ajanifort, AL 97805",ogooluwaogunwobi@example.com,+1-382-621-1005x7102,36,2,No,
439,Bunmi,Ewatomi,Aloba,2005-07-11,Female,2021-11-10,3,"293 Lere Turnpike, New Modupetown, CO 85379",amoke12@example.com,+1-211-843-7281,39,2,Yes,
440,Titilayo,Olanrewaju,Owolabi,2007-10-07,Male,2023-03-11,3,"88043 Aderopo Brooks Suite 035, South Arinolamouth, LA 76455",cilori@example.com,(249)540-6294,25,3,Yes,1.0
441,Titilayo,Olakunle,Adekunle,2004-01-06,Female,2024-04-21,4,"2971 Ayinke Fords Apt. 143, South Alamufurt, NY 47150",omolabake92@example.com,+1-857-698-9564x992,42,3,Yes,3.0
442,Adenike,Osunleke,Babtunde,2008-04-14,Male,2022-04-11,4,"9938 Oyeniyi Locks, Fibikemiside, MN 92306",ooloyede@example.com,817-692-6040,7,3,No,2.0
443,Atinuke,Fehintola,Balogun,2009-06-09,Male,2024-04-13,2,"684 Ajoke Lock Suite 211, New Esupofoberg, WY 21746",modupeaderogba@example.net,001-939-818-5842x6328,25,3,Yes,3.0
444,Ewatomi,Fadekemi,Adekunle,2007-12-01,Male,2021-12-18,2,"PSC 7139, Box 6567, APO AA 21987",ajokemakinwa@example.net,790-819-9508x552,4,1,No,2.0
445,Abeni,Abayomi,Shekoni,2004-03-01,Female,2022-11-02,1,"PSC 5596, Box 5408, APO AE 69737",adedejiogunde@example.com,594-753-2266,44,2,Yes,3.0
446,Mojisola,Ayinke,Owoyemi,2009-09-07,Male,2021-07-22,1,"271 Bakare Motorway, Aladefurt, TX 90309",motunrayofajimi@example.net,(282)420-0442,50,2,No,2.0
447,Alamu,Oyindasola,Aloba,2007-07-07,Female,2022-06-21,4,"07578 Owolabi Lane Apt. 723, North Omobolanle, CO 04134",yawodiran@example.org,(570)479-5071x2007,9,2,No,2.0
448,Oluwamuyiwa,Adekitan,Olukotun,2007-04-10,Male,2023-02-08,1,"8252 Aderibigbe Parks, Adunniville, NH 44322",demilade87@example.net,+1-659-521-5176x9470,29,3,No,
449,Ibidapo,Omolabake,Oluwagbemi,2007-03-02,Male,2024-06-27,4,"5745 Alamu Court, Lake Ayinke, WV 63995",yfajimi@example.org,796.679.8203x12970,11,1,Yes,4.0
450,Abiodun,Yejide,Fajimi,2006-06-15,Male,2022-10-20,3,"2721 Doyinsola Spring, Oluwolechester, SD 12105",obanijesuogunbo@example.com,691-816-1193x5270,34,3,Yes,2.0
451,Oladare,Morenike,Oyadiran,2008-11-05,Male,2021-10-28,4,"9905 Ogunbiyi Locks Suite 437, Abebiville, CT 38294",jomotoso@example.org,480.599.7600x15953,2,1,Yes,2.0
452,Oluwole,Oba,Adesiyan,2005-09-01,Male,2022-01-14,1,"3573 Bunmi Inlet Suite 129, New Adeolu, OH 91261",ogindanfolu@example.net,741.656.8173x118,17,3,Yes,1.0
453,Alade,Adetayo,Oluwagbemi,2009-03-14,Male,2024-05-17,1,"370 Ogindan Junctions, New Olanrewaju, OH 25265",oshinanjolaoluwa@example.net,001-691-683-0198x6369,48,1,Yes,
454,Akinwale,Abebi,Afolabi,2009-03-10,Female,2021-01-11,2,"31890 Adetoke Court, Adesiyanmouth, PA 31771",wbabtunde@example.com,+1-619-226-3919x76366,50,1,Yes,1.0
455,Oluwole,Morenike,Edun,2005-08-10,Male,2022-05-05,3,"4652 Afolarin Coves, East Oladimeji, GA 65950",bamideleadetoke@example.org,(408)765-6132x9575,43,2,No,
456,Adedeji,Akinwale,Olabode,2005-04-17,Male,2024-04-24,3,"8581 Koya Burg Apt. 988, Esupofoview, MT 87069",adegbitemosinmileoluwa@example.org,+1-408-721-6254x4854,27,3,Yes,
457,Ayoka,Niyilolawa,Olukunga,2008-01-09,Male,2023-10-02,2,"7082 Awero Highway, Lake Oyenikeview, VT 44153",omotosoolufunmilayo@example.net,4282636660,28,2,No,1.0
458,Atinuke,Aderopo,Olowokeere,2004-06-30,Female,2022-04-30,4,"4072 Ogunbo Fork Apt. 145, Ajaoview, NJ 49938",eolugbayila@example.org,(499)599-0798,4,2,Yes,4.0
459,Bunmi,Adetoun,Omidina,2007-01-05,Female,2020-12-21,1,"Unit 1233 Box 8771, DPO AP 49788",edunseye@example.com,341.854.7102x98655,44,1,Yes,
460,Yetunde,Temidayo,Adekunle,2007-03-03,Male,2024-01-30,1,"8527 Omotoso Stream, North Olasunmbomouth, WI 07130",modetola@example.net,001-437-944-9464,42,3,No,3.0
461,Moradeke,Tolulope,Ojua,2008-11-21,Male,2023-05-22,1,"5613 Fadipe Crest Suite 039, West Iyabode, ID 37057",olansile02@example.com,(355)209-7024x8168,31,3,Yes,3.0
462,Adeleke,Awero,Omojola,2005-11-26,Female,2024-02-15,2,"28686 Oba Trace Apt. 614, West Adenike, PR 44988",oayoola@example.com,001-649-535-2619,37,1,Yes,1.0
463,Sijuade,Amope,Ajao,2005-05-24,Male,2023-04-03,3,"235 Bakare Field Apt. 309, Adedayoborough, IN 67493",sowokoniran@example.com,(221)923-8065x2982,41,2,Yes,2.0
464,Amoke,Boluwatife,Fajimi,2004-01-14,Female,2024-05-29,2,"40549 Adelakun Vista, North Ajalamouth, PR 73666",kogunyeye@example.net,286-202-3471,16,2,No,4.0
465,Fikayomi,Modupe,Adebisi,2005-04-23,Male,2022-08-03,4,"752 Yejide Court Apt. 452, Niyilolawaborough, IN 72992",oluwoleogunde@example.com,(271)650-8483x854,23,2,Yes,
466,Oluwagbemiga,Tolulope,Edun,2009-04-05,Female,2021-03-13,4,"2925 Ayoola Light Apt. 538, Adebisiborough, NC 21256",royetoro@example.net,457-801-4068x62413,16,3,No,
467,Morenike,Adesoji,Ilupeju,2009-07-09,Male,2022-01-15,2,"691 Ojo Harbors, Adebowalehaven, NE 46542",oluwagbemigaolubode@example.net,(216)294-5595,22,2,Yes,1.0
468,Fibikemi,Arike,Ayandokun,2004-08-16,Male,2024-09-18,4,"42534 Makinde Mill, New Ewatomi, KS 91465",inioluwaolugbayila@example.net,(827)872-7566x9922,28,3,Yes,3.0
469,Omotola,Adedeji,Ajayi,2005-07-04,Male,2020-10-05,1,"741 Adeleke Shoals, Ajayiview, NC 69549",emakinde@example.org,+1-713-587-7927x08041,27,1,Yes,3.0
470,Adetoun,Olufunke,Ojua,2008-11-26,Female,2024-04-01,4,"53736 Omotola Village Apt. 098, South Omobolanleland, SC 07751",adetayo35@example.com,700-425-2676,34,2,Yes,1.0
471,Tade,Ige,Owokoniran,2004-05-12,Female,2021-05-13,2,"482 Ogunyeye Rue, Balogunville, MH 40918",juwonogunde@example.org,(404)884-4470x37837,34,3,No,
472,Adigun,Tomori,Awolowo,2008-01-04,Female,2022-05-24,2,"0727 Akinlabi Inlet, Amopeport, NV 85022",holuwagbemi@example.com,443-243-9706,34,3,No,1.0
473,Mojisoluwa,Omowumi,Akinrinola,2003-10-27,Female,2023-03-11,2,"9415 Oluwasegun Village, Port Alamuport, NH 48904",dsalami@example.org,001-914-299-0201x67194,50,3,Yes,4.0
474,Arinola,Aderopo,Kolade,2006-07-16,Male,2021-04-04,4,"756 Omowumi Freeway, Fajimiville, LA 13096",nolaiya@example.net,425-962-8707x081,40,2,Yes,4.0
475,Mojisola,Ige,Olukotun,2004-08-30,Male,2021-10-23,2,"668 Ogunbo Village Suite 693, Lake Fadekemishire, IN 74482",ayoolasowande@example.com,914.799.6203,36,3,No,2.0
476,Adigun,Omolara,Aderibigbe,2004-02-28,Male,2020-12-26,4,"9169 Ogulana Prairie, West Olasunmboport, FL 32175",juwon63@example.com,371.870.2646x27697,5,1,Yes,2.0
477,Gbolahan,Radeke,Olujimi,2007-05-29,Male,2023-02-10,4,"8334 Gbowoade Wall Suite 774, Olugbayilaland, MO 06885",oluwafemiadelusi@example.net,(908)839-8270,39,3,No,1.0
478,Babasola,Segilola,Olabode,2004-08-28,Female,2024-04-01,3,"04564 Adebisi Squares Apt. 564, Awolowomouth, NH 07907",ogindanalamu@example.net,001-965-735-8337x374,44,1,Yes,4.0
479,Mofifoluwa,Adepeju,Adesiyan,2005-09-01,Female,2023-04-10,4,"228 Iyadunni Mountains Suite 605, Tomoriberg, CO 40678",morawomorayo@example.net,001-566-769-7566x42528,44,1,No,4.0
480,Segilola,Morolake,Falabi,2004-01-08,Female,2022-12-21,2,"Unit 7661 Box 6263, DPO AP 97629",aanuoluwapo23@example.net,+1-909-948-8949,9,1,No,2.0
481,Oluwamuyiwa,Oluwamumibori,Ajewole,2007-07-04,Female,2024-03-02,4,"69390 Osuntokun Hill, New Oluwamumibori, ND 03520",iloridemilade@example.net,(456)977-9224x71266,35,2,No,1.0
482,Esupofo,Abiodun,Koya,2004-08-19,Male,2020-10-07,1,"08433 Titilayo Parkways Apt. 050, New Kikelomohaven, DE 66410",ogunyeyeoluwole@example.net,727.821.0937,3,1,Yes,
483,Folu,Ronke,Oyeniyi,2004-02-12,Male,2021-07-18,3,"8769 Soyinka Fords, Port Ibironkeland, AL 74998",tolabode@example.com,001-547-968-7226x433,37,2,No,3.0
484,Folashade,Akanmu,Ogindan,2007-09-12,Male,2023-08-28,2,"0899 Paimo Springs, North Oyenikefurt, PA 21680",wuraola17@example.org,(871)647-0739x3345,37,3,Yes,3.0
485,Keji,Adekunle,Olukotun,2007-07-11,Male,2021-10-31,2,"201 Similoluwa Center, Port Simisola, IA 04813",omotoun58@example.com,(993)636-0201x012,49,2,Yes,2.0
486,Ninioluwa,Gbowoade,Ogunwobi,2006-12-01,Female,2022-03-07,3,"335 Aderogba Fork Suite 188, Aderogbaton, AR 51904",coloyede@example.org,(505)932-4882,40,2,Yes,
487,Oluwamumibori,Mojisola,Owolabi,2004-11-10,Female,2021-04-23,2,"091 Iretioluwa Centers Suite 549, Adeshinahaven, FL 29342",boluwatifefadipe@example.org,(997)975-9419x55644,44,2,Yes,
488,Adekunle,Osunleke,Ilori,2008-04-30,Female,2021-03-08,4,"385 Adegbite Throughway, Doyinsolamouth, AS 81694",titilayokoya@example.com,+1-236-646-4515x433,19,1,Yes,
489,Ibironke,Ajoke,Olujimi,2006-03-27,Male,2021-10-22,3,"40658 Oyadiran Isle Suite 765, Lake Morayoborough, AZ 69441",makindeyewande@example.com,+1-363-242-0543x1857,23,3,Yes,3.0
490,Durodola,Adetoke,Adeyemo,2008-08-11,Male,2022-06-05,2,"61537 Mojisoluwa Glens Suite 496, Olubodeberg, LA 03940",ogunwobiinioluwa@example.org,001-620-653-7440x73160,14,1,Yes,3.0
491,Temidayo,Oluwagbemiga,Aderogba,2005-03-12,Male,2021-06-19,3,"Unit 7983 Box 4703, DPO AE 36229",kikelomomakinwa@example.net,753-636-4033,7,2,Yes,3.0
492,Adedayo,Abosede,Bamidele,2003-12-16,Female,2021-11-12,2,"0752 Yewande Mountains, New Morayoville, ND 96597",fibikemiadegbite@example.org,(841)692-7967x143,29,2,No,1.0
493,Ishola,Boluwatife,Ajayi,2004-06-23,Female,2020-10-22,3,"165 Tade Skyway Apt. 636, South Adebowalemouth, VI 25564",pakinrinola@example.org,001-708-292-7721x9951,37,2,Yes,1.0
494,Aanuoluwapo,Olansile,Owoyemi,2009-07-17,Male,2023-01-26,2,"28341 Aloba Cliffs, South Subomi, NE 67013",oke23@example.org,001-445-242-6033x9682,41,3,Yes,4.0
495,Ronke,Ogooluwa,Olaiya,2006-08-13,Male,2021-08-16,3,"697 Ishola Island, New Mojisoluwaville, MT 93028",fajimiboluwatife@example.net,759.233.8118,37,1,Yes,2.0
496,Awero,Amope,Olugbayila,2006-03-09,Female,2024-09-29,3,"903 Olukotun Views, South Babawaleville, OH 28403",uolujimi@example.com,(731)335-5412x26615,22,1,No,2.0
497,Abosede,Adebukola,Balogun,2006-07-27,Male,2021-01-23,4,"547 Ishola Circle Apt. 280, Lake Iyabodeview, ID 62798",arikeafolabi@example.org,8732903877,13,1,Yes,1.0
498,Mosunmola,Amoke,Adesiyan,2008-01-27,Female,2024-07-07,1,"3526 Ajala Gardens Suite 311, Afolarinside, PA 05926",soyinkaayodeji@example.com,(563)480-6109x84820,50,3,Yes,2.0
499,Olasunmbo,Adetoke,Oyinlola,2005-11-02,Female,2022-08-10,3,"6989 Adesewa Orchard Apt. 557, Alobaberg, WY 59192",iloriayodeji@example.org,973-421-6129x805,14,1,Yes,1.0
500,Oreofe,Adedeji,Aloba,2006-01-22,Female,2022-10-01,4,"269 Adeleke Mountain Suite 148, East Korede, MI 69908",hadelusi@example.com,824-216-5902x15946,46,3,No,
