StudentID,FirstName,MiddleName,Surname,DateOfBirth,Gender,EnrolmentDate,DepartmentID,Address,EmailAddress,PhoneNumber,GuardianID,ClassID,ActivityID
1,Ibironke,Ajani,Owokoniran,2006-09-15,Male,2022-08-01,1,"7119 Akinlabi Skyway Apt. 283, New Omotarafurt, VA 11031",demiladeogunyeye@example.com,964.579.9691,12,3,4
2,Osunleke,Adebukola,Owokoniran,2006-04-01,Male,2022-01-04,2,"771 Ayinde Circles Apt. 454, South Adesewafort, TX 64530",ayindebakare@example.net,248-443-1987,2,1,2
3,Aderopo,Ikeoluwa,Olujimi,2006-04-20,Male,2021-10-23,3,"7961 Kolawole Junction, West Anjolaoluwa, PW 02446",tadeyemo@example.com,+1-531-455-0390x20940,22,2,1
4,Mofifoluwa,Adekitan,Salami,2009-07-28,Male,2022-01-10,3,"578 Keji Crest Apt. 946, North Oladareville, FM 38961",ilupejuadeniyi@example.com,(935)494-2211,48,3,3
5,Ronke,Osunleke,Ogunde,2005-03-25,Male,2022-12-13,3,"115 Olujimi Ports, North Mofifoluwamouth, TX 11980",tade55@example.net,+1-204-721-2555x540,36,2,2
6,Adedeji,Adetoun,Falabi,2008-07-13,Male,2021-03-18,1,"4210 Eniola Drive Suite 503, South Amokeshire, MH 09106",abeni07@example.org,+1-804-557-4067x318,41,2,1
7,Abeni,Segilola,Ayandokun,2006-06-11,Male,2022-03-14,3,"94231 Odunsi Plaza Suite 523, Adesojifurt, HI 30597",moradekeolowokeere@example.org,324.913.2526x5752,7,1,2
8,Ronke,Ibidapo,Koya,2006-09-29,Female,2020-11-13,1,"5335 Oluwasegun Gateway, East Omolarachester, IA 33152",akinkunmi10@example.net,(589)802-3424x022,12,1,4
9,Oreofe,Tomori,Ojua,2004-12-15,Female,2022-03-01,2,"88404 Olubode Flat Apt. 582, Bamiloyechester, MA 64577",adenike17@example.org,566.700.2563x1226,32,1,5
10,Babasola,Adigun,Ninalowo,2007-12-17,Male,2023-01-25,4,"560 Ayinde Park, Port Ayodeji, PR 80688",zawodiran@example.org,(300)586-1281,15,3,1
11,Ninioluwa,Faderera,Ilupeju,2005-09-16,Female,2024-05-15,4,"756 Ajewole Inlet, Morayohaven, OR 91104",morawoakanmu@example.org,(333)219-6238,46,1,5
12,Adenike,Ishola,Olowokeere,2006-08-26,Female,2023-04-02,2,"69039 Aanuoluwapo Roads, Salamiberg, NJ 12273",oluwamumibori38@example.org,646-312-9160,11,1,3
13,Ibidapo,Toluwanimi,Olowokeere,2004-12-09,Male,2022-06-03,1,"093 Omolara Squares Suite 473, Aanuoluwapoland, UT 34750",vfaleti@example.net,(747)625-7087,47,3,3
14,Adesewa,Lere,Afolabi,2004-05-05,Female,2021-09-07,3,"867 Osunleke Greens Apt. 807, East Oluwasanmiburgh, NJ 75681",oyindasolasalako@example.net,301.289.1336x18112,14,3,3
15,Oluwasanmi,Lere,Fasasi,2006-09-26,Male,2023-12-16,4,"836 Subomi Lodge, West Adebowale, LA 93837",fadererafajimi@example.org,(495)655-6493x99415,28,3,4
16,Babasola,Abayomi,Faloye,2009-01-22,Female,2024-01-11,2,"140 Olabode Terrace Apt. 008, South Ayodelefurt, AS 42442",ioloyede@example.net,(854)277-4398,18,1,4
17,Atinuke,Abiodun,Odunsi,2004-08-19,Male,2022-10-18,3,"9276 Mojisola Mount, Abayomishire, KY 80286",subomiajewole@example.org,(645)213-8472x2216,20,2,4
18,Arinola,Ikeoluwa,Bamiloye,2004-01-12,Male,2021-04-08,2,"14469 Oladare Knoll Apt. 368, Akanmuhaven, OH 15592",ibakare@example.org,+1-382-906-1103,34,2,1
19,Oba,Aderopo,Makinde,2004-11-02,Male,2022-03-15,4,"Unit 7368 Box 7755, DPO AA 73837",ogundeadeyi@example.org,001-527-983-3543x88847,26,2,3
20,Toluwanimi,Gbadebo,Ayandokun,2004-06-16,Female,2023-03-12,4,"Unit 2357 Box 2076, DPO AP 84304",poyadiran@example.com,211.256.5246,12,2,5
21,Adeyi,Yetunde,Omidina,2005-02-02,Female,2024-09-13,4,"2187 Balogun Mill, New Leketown, MO 85430",bamiloyeomotayo@example.org,949.723.3941x020,27,1,5
22,Mosinmileoluwa,Lere,Faleti,2005-07-16,Female,2023-11-22,3,"3393 Makinwa Mount, South Oluwasanmi, IL 12607",anjolaoluwaakinrinola@example.net,+1-893-300-0154,48,2,5
23,Adetayo,Adedayo,Kosoko,2005-10-06,Male,2023-02-13,1,"43678 Adeyemo Rest Suite 481, South Oluwasanmiborough, CT 18095",cedun@example.net,+1-857-282-4612x4827,35,1,3
24,Amope,Aderopo,Aderibigbe,2005-04-25,Female,2022-05-25,4,"67515 Olajumoke Lock Apt. 997, Olugbayilastad, NV 47217",oshintoluwanimi@example.org,478-725-2300x70003,5,2,2
25,Tade,Asake,Oladipupo,2004-03-21,Male,2024-07-05,3,"Unit 4206 Box 0699, DPO AP 58248",fehintolaadegoke@example.com,330-216-6705x131,10,2,5
26,Adeleke,Tokunbo,Shekoni,2006-02-06,Female,2022-07-10,4,"1582 Ilupeju Field, New Ayodeleshire, AZ 52582",adebiyi44@example.net,+1-389-995-9898x241,30,2,1
27,Motunrayo,Omosalewa,Oyeniyi,2008-08-01,Male,2024-05-01,2,"USS Ajao, FPO AE 10461",abiona64@example.org,+1-515-770-3584x3255,42,1,3
28,Oladimeji,Ewatomi,Oparinde,2008-07-12,Male,2021-04-16,4,"5298 Akinrinola Run Suite 840, Ajewoleport, OK 62578",ige09@example.net,8544224495,11,3,2
29,Adebowale,Simisola,Makinwa,2007-09-04,Male,2022-05-31,3,"3627 Ayodeji Motorway Apt. 913, New Omotara, AK 43197",lfadipe@example.com,216.888.8452,29,2,1
30,Oluwasanmi,Abebi,Ojua,2007-01-18,Male,2024-08-26,2,"50722 Adeyemo Wells Suite 337, Lake Adepeju, MN 31512",alabiyetunde@example.net,304.398.6965,12,2,1
31,Iyadunni,Abosede,Ajao,2004-09-15,Female,2021-03-25,4,"43083 Awero Junctions, New Adeoluview, ME 21548",adebiyijaiyeola@example.org,291.792.6127,27,2,3
32,Gbadebo,Shekoni,Balogun,2005-02-25,Female,2021-10-17,1,"33894 Doyinsola Groves, Afolabihaven, MS 26047",inioluwa01@example.com,(259)251-7036x399,22,2,5
33,Ikeoluwa,Adeolu,Iyanda,2009-07-10,Female,2022-08-05,2,"0266 Adegoke Walks, Okeborough, FL 53840",oreofe82@example.com,741-307-6234,20,2,5
34,Oluwafemi,Folu,Balogun,2004-04-30,Male,2021-04-08,4,"719 Yejide Forge, Lake Osunlekefort, UT 29453",hoyaifo@example.com,322-611-0732,34,3,3
35,Kolawole,Radeke,Sobowale,2007-11-12,Female,2022-03-15,2,"20439 Ewatomi Crescent, New Oladare, DC 32664",ojoomowumi@example.net,220.941.8651x907,35,2,5
36,Afolarin,Morayo,Faleti,2009-02-10,Female,2022-01-14,2,"93588 Olugbayila Heights, East Subomi, OK 10353",mosinmileoluwa19@example.org,(679)905-1347x214,30,1,4
37,Oyindasola,Oluwasanmi,Adelakun,2006-09-04,Female,2021-09-10,4,"84406 Radeke Turnpike Apt. 439, Anjolaoluwamouth, UT 83365",owokoniranoluwakemi@example.net,+1-654-677-4092x73266,50,2,1
38,Abebi,Radeke,Ogulana,2009-07-11,Male,2022-08-16,1,"70274 Adunni Island, New Oluwagbemiga, WA 43579",demilade94@example.org,671-428-9003x9172,18,1,2
39,Ige,Oke,Salako,2005-05-29,Male,2022-07-18,1,"04677 Fadekemi Mountains Apt. 676, Radekefurt, GA 26226",aibikunle@example.org,(298)617-4199x89133,44,2,3
40,Oyenike,Awero,Fajimi,2008-06-01,Male,2023-05-19,1,"7553 Akinlabi Harbors, North Awero, PR 86736",fadereraadesiyan@example.net,408.515.4156x88638,34,3,2
41,Kolawole,Ololade,Oladipupo,2005-08-26,Male,2023-01-18,4,"41911 Adesewa Turnpike Suite 185, Boluwatifeview, MA 54436",odunsioluwakemi@example.com,768.500.2071x60899,49,2,1
42,Similoluwa,Mofifoluwa,Fagunwa,2009-06-14,Female,2021-12-30,1,"259 Olabode Union, Afolabimouth, OR 27012",ibikunlemoradeke@example.net,001-831-236-0551x0463,13,2,2
43,Adedayo,Awero,Ninalowo,2006-04-23,Male,2023-08-30,2,"90183 Olusanya Run, Lake Sowande, KY 35684",vsobowale@example.com,284.308.6720x8397,4,1,4
44,Abayomi,Eniola,Olukotun,2009-03-01,Female,2021-06-10,4,"33409 Adeshina Lodge, New Fadereraborough, LA 77564",dogunbiyi@example.net,504.471.5742x9585,11,3,4
45,Kikelomo,Fibikemi,Kosoko,2007-04-16,Female,2023-02-07,4,"Unit 4088 Box 9551, DPO AA 84787",ronkeiyanda@example.com,001-400-867-8640x6483,36,1,5
46,Ajani,Adedeji,Owoyemi,2003-10-12,Male,2022-01-18,4,"233 Ogunwobi Junctions, Olugbayilaport, NJ 75696",falabisowande@example.org,246-774-8705x4310,36,3,4
47,Mojisoluwa,Adeolu,Adeyemo,2007-08-15,Male,2022-11-14,2,"USNS Paimo, FPO AA 98462",omosalewafajimi@example.org,517-706-1378,47,2,1
48,Mojisoluwa,Tokunbo,Oyetoro,2009-06-23,Female,2020-11-18,2,"214 Adesewa Mountain Suite 162, Owolabiburgh, MA 11565",olansileadelusi@example.net,377-938-0444x5253,16,1,4
49,Oluwasanmi,Shekoni,Kosoko,2007-03-29,Female,2022-07-21,3,"2780 Shekoni Greens Suite 848, North Fadekemi, OK 40314",ladelakun@example.com,8518365729,8,2,2
50,Morolake,Ololade,Awolowo,2004-09-18,Female,2024-06-30,1,"713 Adeniyi Isle Apt. 049, Adelakunmouth, NJ 26301",morawofadekemi@example.com,(688)953-9548x921,42,2,2
51,Amoke,Alamu,Oyadiran,2006-12-01,Male,2021-07-06,2,"0163 Kikelomo Radial, Tokunboshire, OH 11330",simisolaoginni@example.com,686-995-4076x80147,47,2,3
52,Babasola,Oyenike,Owokoniran,2006-01-29,Male,2023-03-21,1,"1775 Akinkunmi Inlet, New Oluwoleton, WY 81084",oogunbamigbe@example.com,274-621-6607x08795,50,1,3
53,Shekoni,Babawale,Ogunwobi,2007-01-01,Female,2024-05-22,3,"461 Seye Center, Port Aderopo, ME 76250",okosoko@example.net,+1-666-680-7864x2431,12,3,5
54,Olasunmbo,Omodunni,Ajayi,2004-02-29,Male,2023-06-15,3,"609 Awero Well Suite 162, Oladipupoview, MP 76830",aderopo79@example.com,+1-442-970-7408x7316,28,3,3
55,Eniola,Oluwole,Oyeniyi,2005-03-12,Female,2020-10-13,4,"871 Oyinlola Pines, Adegbiteside, IN 69445",spaimo@example.net,929-836-4645,10,3,5
56,Amope,Omotoun,Ogindan,2007-07-04,Male,2023-12-01,1,"01504 Adeyi Ports Suite 645, Port Ajala, PA 29911",afonjaishola@example.org,001-570-732-1979x321,46,3,4
57,Adetoke,Ige,Adegbite,2008-09-26,Female,2024-07-11,1,"944 Olajumoke Rue, Lake Omotara, KS 85523",adekunle09@example.net,+1-437-512-3979x59323,8,3,3
58,Adeleke,Ibironke,Oluwagbemi,2004-12-18,Male,2022-07-15,4,"1025 Abeni Pass, Iyandaton, PA 22804",alamu94@example.org,(254)560-1317x1249,45,1,2
59,Lere,Omolara,Edun,2003-10-04,Male,2023-07-22,1,"44083 Owokoniran Mission Apt. 580, Port Toluwanimichester, AR 36518",gogunbamigbe@example.net,920.409.1235,27,3,1
60,Oluwasanmi,Osunleke,Adegoke,2004-04-08,Male,2020-10-14,4,"46561 Iyanda Expressway, North Adepeju, CA 94046",ogunbamigbeamoke@example.org,+1-488-792-2029x70660,42,1,3
61,Omobolanle,Adunni,Shekoni,2008-10-08,Male,2024-04-01,1,"966 Kosoko Crossroad Apt. 014, Esupofoland, PW 06554",aadisa@example.com,(512)439-6229x2928,7,1,3
62,Mosunmola,Adeshina,Faloye,2007-07-22,Female,2023-10-17,2,"565 Lere Bypass Apt. 970, New ObaniJesumouth, MT 65088",jfajimi@example.com,550.363.7145x88079,21,2,3
63,Adesua,Adesoji,Aderibigbe,2007-07-04,Male,2022-09-10,2,"203 Morolake Stravenue, West Aanuoluwapobury, OK 22295",dosuntokun@example.com,325.222.3798,43,2,1
64,Olanrewaju,Demilade,Omojola,2006-01-28,Female,2023-02-25,3,"9718 Omobobola Stravenue, South Olanrewaju, PA 10410",oparindeoluwasegun@example.org,899-369-9687x71628,45,1,2
65,Adesewa,ObaniJesu,Alabi,2009-09-12,Male,2023-10-07,3,"46502 Arike Heights Suite 792, Abiodunberg, FM 09489",fadipeewatomi@example.org,709-472-8902x514,10,3,1
66,Abiodun,Oluwafemi,Afonja,2005-09-25,Male,2023-11-15,3,"77189 Asake Curve, Adesojiside, OH 31516",asalako@example.com,994.597.8420x98081,46,2,2
67,Ronke,Moyosore,Soyinka,2007-07-31,Male,2023-07-04,1,"50995 Tomori Pines Apt. 249, Adenikeberg, NV 77085",owolabifolashade@example.com,001-823-995-1742,18,1,4
68,Adekunle,Oluwakemi,Oladipupo,2007-07-25,Male,2023-03-01,1,"18369 Oyeniyi Alley, New Osunlekemouth, TN 59148",ogunboomotara@example.org,(522)364-7380x9955,28,2,1
69,Abebi,Adedeji,Adebisi,2004-08-03,Male,2024-07-20,4,"73907 Adisa Plains Apt. 998, Shekonihaven, CT 32553",shekoni40@example.com,242.510.7857,26,3,3
70,Alamu,Adeleke,Owokoniran,2006-08-08,Female,2021-03-23,3,"68698 Ibidapo Mountains Suite 830, East Awero, WY 08892",leke03@example.com,+1-786-843-9429x18178,7,2,5
71,Folu,Adeyi,Olukunga,2008-11-10,Male,2024-05-16,1,"00950 Omidina Ramp Apt. 314, Adekunleview, ME 14264",oogindan@example.net,+1-465-786-0274x70046,48,1,2
72,Adetoke,Olumorotimi,Oyaifo,2003-12-31,Female,2024-07-18,1,"924 Aderibigbe Plaza Suite 790, East Seyeton, AR 74963",dayoola@example.com,+1-697-320-2715x578,2,3,1
73,Fibikemi,Morenike,Adeyemo,2007-10-13,Female,2021-04-04,4,"3720 Niyilolawa Drive Suite 527, New Seye, VI 66500",ajani57@example.net,(698)339-0646x5557,15,1,4
74,Omotayo,Adekitan,Iyanda,2007-10-26,Female,2021-11-15,2,"301 Oloyede Mill Suite 311, Ogulanahaven, OR 09435",ayokaiyanda@example.org,469-213-2120,33,1,1
75,Ayinke,Adepeju,Salami,2005-05-18,Female,2022-05-14,2,"1346 Olufunke Ways, Lake Morayoburgh, MP 28846",kedun@example.com,701-776-7285x00513,25,1,3
76,Wuraola,Adeolu,Adelusi,2004-06-04,Male,2022-06-07,2,"401 Paimo Viaduct Apt. 649, Tadeburgh, KS 93643",adetokefagunwa@example.org,644-237-9744x80477,33,3,2
77,Atinuke,Alade,Kolade,2004-05-11,Female,2021-05-28,4,"5517 Afolayan Greens, South Olumorotimitown, GU 51332",nfagunwa@example.com,001-902-750-1994x291,27,1,4
78,Oke,Ayodele,Ogindan,2007-03-07,Female,2023-06-24,1,"667 Olumorotimi Trafficway Apt. 049, East Ewatomiton, NY 85348",soyinkaamoke@example.com,960-298-9350,12,3,1
79,Olufunke,Osunleke,Ogunde,2007-08-22,Female,2023-04-28,4,"98144 Adegoke Mountains Suite 159, Ogunbamigbeview, HI 52705",mojisoluwaadeyemo@example.com,001-889-309-5465x805,6,2,3
80,Toluwanimi,Eniola,Oginni,2007-08-27,Female,2023-10-06,1,"692 Lere Trafficway Apt. 992, Port Oyeniketon, MT 78743",oyadiranomotayo@example.net,704.977.0746,22,3,4
81,Akinlabi,Oladare,Oyinlola,2005-12-13,Female,2021-09-10,3,"879 Modupe Harbor, Lake Morenike, MT 23288",kolawole27@example.net,868-517-7656x5088,12,1,1
82,Radeke,Similoluwa,Afonja,2009-05-29,Female,2024-05-25,2,"317 Adesoji Crossing Suite 555, South Fadekemiview, WI 61436",bakareleke@example.com,+1-554-465-6120,44,2,4
83,Atinuke,Mojisoluwa,Olugbayila,2008-02-03,Female,2024-08-30,1,"802 Olusanya Field Suite 225, Aderogbaville, RI 42534",lfasasi@example.net,314.503.7105x4960,27,3,5
84,Adenike,Fehintola,Morawo,2009-09-29,Female,2022-05-11,2,"7272 Omotoso Canyon, West Fehintolafort, PR 41155",oluwole79@example.org,+1-746-652-3046x62669,35,2,1
85,Damife,Gbadebo,Aderibigbe,2005-09-07,Female,2024-01-30,3,"76330 Omotara Street, New Alamuborough, WA 01010",adeotiadeleke@example.com,(588)522-6289,32,3,5
86,Titilayo,Yejide,Afolayan,2005-01-27,Female,2022-10-17,2,"13863 Kolade Radial Suite 294, West Juwon, NC 75492",ogindanadekola@example.com,494-650-3149,2,2,2
87,Oreofe,Alamu,Koya,2009-09-29,Male,2021-08-30,3,"8555 Leke Divide Apt. 145, Lake Fehintola, TX 31990",ilorimotunrayo@example.org,001-701-970-4747x6315,20,1,2
88,Omowumi,Morenike,Ayandokun,2007-08-02,Male,2024-02-07,2,"967 Olansile Forge, Port Omolaraport, IN 97147",goparinde@example.com,2987112998,50,2,4
89,Esupofo,Moradeke,Ogulana,2008-02-15,Female,2022-10-08,1,"PSC 3241, Box 4534, APO AA 53651",morolake52@example.com,001-488-622-4828x18059,22,3,2
90,Adekunle,Babawale,Olabode,2008-07-10,Male,2022-01-26,1,"540 Akinrinola Mews Suite 336, Oluwamumiboriport, SD 26230",arinola05@example.com,(786)362-4061x811,33,2,3
91,Ninioluwa,Tolulope,Makinwa,2007-01-22,Male,2021-09-08,1,"69971 Oluwakemi Lodge, Adisaton, WA 92539",lsalami@example.net,(347)312-5620x8735,15,3,4
92,Adeniyi,Adeolu,Adegbite,2009-01-05,Male,2022-03-11,3,"4852 Aanuoluwapo Station, North Temidayo, MO 11124",nfaleti@example.org,(937)828-8639,35,2,1
93,Ayodele,Olakunle,Olasupo,2005-06-08,Female,2021-01-05,3,"USNV Odunsi, FPO AP 51853",oyeyemiadetoun@example.com,317.803.1110,20,1,5
94,Adekitan,Abiodun,Faloye,2006-07-08,Male,2020-12-25,4,"3456 Adelakun Islands Apt. 796, North Mojisola, GU 03999",fajimianjolaoluwa@example.com,401.959.9469,12,2,3
95,Adedayo,Adebukola,Osuntokun,2004-10-21,Male,2021-12-30,3,"037 Similoluwa Curve, West Adebowale, CO 83906",adelakundoyinsola@example.net,(319)710-1520x929,31,3,3
96,Oluwamumibori,Gbowoade,Oyetoro,2008-05-22,Female,2022-04-09,4,"8350 Ronke River Apt. 749, West Juwon, AL 52715",xsalako@example.net,341-847-7131x172,45,2,3
97,Tade,Juwon,Shekoni,2007-08-17,Male,2022-01-21,1,"146 Abiona Views Suite 346, Oyinlolaton, AS 15890",ayinkeojo@example.org,792.550.0524x923,13,3,5
98,Oreofe,Atinuke,Omidina,2007-02-27,Male,2023-05-24,4,"380 Oyetoro Locks Apt. 696, North Ronkeville, MD 51446",ogunwobikeji@example.net,820.929.0932x0570,29,2,3
99,Olansile,Moradeke,Bamidele,2006-09-18,Female,2023-09-26,1,"72769 Adeshina Alley, East Omotarahaven, IL 40886",royinlola@example.net,445-566-6358x067,8,3,4
100,Morayo,Akinlabi,Omotoso,2006-01-01,Female,2021-03-30,4,"8342 Oparinde Corner, Shekoniside, CA 81968",olowokeereibironke@example.org,001-586-386-8886,38,3,3
101,Ibidapo,Esupofo,Fagunwa,2006-10-11,Male,2020-10-18,1,"3710 Oluwole Islands Apt. 885, Olukungaberg, NH 83899",rkosoko@example.com,+1-663-606-2898x9616,26,3,3
102,Ekundayo,Ibidapo,Shekoni,2008-07-27,Female,2020-12-07,3,"4134 Sijuade Divide Suite 809, Igemouth, OK 25292",edunadunni@example.com,(392)760-3153x024,34,3,1
103,Morayo,Ige,Adeyemo,2008-09-20,Male,2024-05-03,2,"631 Kolawole Views, New Abeni, TX 49180",jafolayan@example.org,001-967-699-7758x83389,11,3,5
104,Radeke,Awero,Faloye,2005-09-14,Female,2021-05-10,4,"95738 Juwon Cove Suite 037, Ogunboville, HI 40429",modupe13@example.com,001-588-651-7498x3355,31,2,4
105,Adepeju,Mosunmola,Ogulana,2006-02-28,Male,2023-12-17,2,"8198 Oyeyemi Curve Apt. 092, East Obamouth, GU 95166",omobolanleogulana@example.net,6774095772,12,3,2
106,Alamu,Adedayo,Ojo,2004-07-13,Male,2022-08-12,1,"83586 Fehintola Island Suite 176, North Omolabakechester, MT 78696",omowumi27@example.org,(490)307-4969x374,35,3,5
107,Amoke,Ayodele,Oladipupo,2008-03-05,Male,2022-09-22,4,"2999 Odunsi Mountains Suite 597, Adelakunmouth, ND 21744",fadereraolabode@example.com,+1-790-519-9630x12068,1,1,3
108,Mosunmola,Gbowoade,Ademiluyi,2009-09-20,Female,2024-06-12,1,"137 Olabode Drives Suite 045, North Adeoluchester, MS 21857",aderibigbetoki@example.net,3904315141,31,3,2
109,Adeolu,Ronke,Fadipe,2007-05-24,Male,2021-08-01,1,"4629 Fibikemi Ports Suite 998, New Olanrewaju, ID 26709",oluwole19@example.org,+1-667-325-5329x175,41,3,3
110,Doyinsola,Ekundayo,Owokoniran,2007-03-29,Male,2024-08-03,4,"6976 Tomori Underpass, East Sowande, NC 98472",durodolaolasupo@example.net,741.802.3532,19,1,3
111,Oluwole,Ayinke,Babtunde,2008-05-21,Female,2024-01-05,2,"369 Motunrayo Course, Port Amoketon, VI 68259",radelakun@example.net,+1-401-617-6465,36,1,5
112,Bunmi,Adebiyi,Falabi,2005-11-10,Male,2023-12-04,3,"523 Alade Port Apt. 157, North Fikayomiville, HI 93476",osunlekeolowokeere@example.org,+1-408-755-1686x17377,28,1,5
113,Subomi,Abayomi,Makinwa,2007-12-31,Male,2023-07-25,1,"5873 Ige Inlet Suite 500, West Eniola, KY 62247",jawolowo@example.net,473.972.1329x5363,47,3,5
114,Mosunmola,Omosalewa,Oluwagbemi,2005-11-06,Male,2024-03-22,1,"Unit 5117 Box 9478, DPO AP 45748",ige98@example.net,001-740-274-5591,30,2,2
115,Olumorotimi,Olanrewaju,Babtunde,2007-02-27,Female,2024-05-07,3,"544 Oyaifo Hill, Morayoshire, VI 54151",okefalabi@example.com,598-521-8526,47,3,3
116,Adesua,Bolatito,Ogulana,2008-11-19,Male,2023-01-13,2,"6600 Bolatito Canyon Apt. 017, Subomiton, ND 43001",zilupeju@example.net,721-551-2721x7534,5,1,5
117,Iseoluwa,Temidayo,Makinwa,2004-04-23,Female,2021-09-01,3,"2405 Ayoola Avenue, Port Ronkestad, MT 71201",afolabiyejide@example.org,001-518-308-8894x7898,24,3,1
118,Mojisola,Adenike,Aloba,2009-09-12,Male,2022-01-24,1,"USS Faleti, FPO AP 61971",fibikemi73@example.org,5656909131,33,1,2
119,Fikayomi,Ajoke,Oshin,2006-05-16,Female,2024-08-08,4,"78437 Ronke Forges, Alabimouth, OK 27737",osuntokunadetoun@example.com,+1-516-484-2346,49,3,4
120,Lere,Niyilolawa,Faloye,2005-09-23,Female,2023-10-26,3,"0629 Salami Route, East Juwonberg, SC 43540",adesuaoginni@example.org,+1-605-799-7843,45,3,1
121,Ige,Asake,Olaiya,2007-08-19,Female,2022-02-12,1,"23774 Afolabi Bridge Suite 955, North Oyindasolahaven, ND 94144",tolulope43@example.org,809-894-4151x7555,45,2,5
122,Olufunke,Inioluwa,Olujimi,2008-02-25,Male,2022-01-10,4,"858 Oyinlola Expressway Suite 939, Mojisolaview, KS 06781",ademiluyiawero@example.com,(252)885-7495x493,18,3,2
123,Keji,Arinola,Ogunbiyi,2008-12-24,Male,2023-09-22,1,"99715 Adetoun Springs, Omojolaview, FM 88576",qolukotun@example.org,586.329.8764x107,49,2,5
124,Oke,Adebiyi,Ogunbo,2006-01-25,Male,2020-12-16,4,"20603 Aderibigbe Stravenue, Ogundeborough, FM 83520",mosinmileoluwailupeju@example.com,579-914-0984x5219,35,1,2
125,Olakunle,Alade,Ogulana,2006-10-06,Female,2023-08-10,3,"333 Kikelomo Well, Lake Ayinke, IA 30303",similoluwaawodiran@example.net,(553)417-3934x997,34,2,3
126,Omosalewa,Olasunmbo,Ogunbamigbe,2005-08-26,Male,2022-02-23,1,"768 Ademiluyi Creek Apt. 774, Oyenikeville, MT 36225",adesiyanoluwasegun@example.org,788-949-7144x9334,38,1,4
127,Olufunke,Lere,Oparinde,2008-12-21,Female,2023-08-24,1,"849 Olansile Pike, Olowokeereland, DE 16244",makinwamoyosore@example.org,308.996.2266,48,1,3
128,Adebiyi,Atinuke,Aderibigbe,2008-11-21,Male,2023-09-19,1,"154 Olujimi Haven Suite 496, Port Segilola, AR 13274",akinrinolaoluwamuyiwa@example.com,(509)330-4779,21,3,4
129,Oluwasegun,Segilola,Ninalowo,2005-09-02,Female,2021-03-16,2,"5391 Adeshina Ranch Suite 746, Aladestad, OH 12134",omotaraadelusi@example.net,276-540-5414,15,3,5
130,Afolarin,Gbolahan,Omojola,2008-10-21,Male,2024-09-11,4,"495 Ajewole Lakes, Wuraolaberg, CO 23011",akinrinolabolatito@example.com,602.348.8992,12,2,5
131,Moyosore,Omodunni,Ibikunle,2005-07-24,Female,2023-01-21,1,"2636 Oyeniyi Expressway, West Adebukolaport, MI 35268",obanijesu03@example.net,612.819.5896x35672,46,3,1
132,Olumorotimi,Ige,Olabode,2007-03-16,Female,2021-02-19,3,"665 Abosede Corners Suite 946, Lake Sowandeton, WV 19945",ige22@example.com,314.229.3056,16,1,4
133,Ayodeji,Boluwatife,Makinde,2005-03-16,Female,2023-07-19,1,"4333 Koya Mountain, Port Yewandehaven, FL 96216",oluwamumibori25@example.org,+1-660-530-8920x5620,49,2,2
134,Olumorotimi,Atinuke,Ademiluyi,2006-02-20,Male,2022-08-11,1,"6093 Inioluwa Crescent, East Yetunde, PW 58398",moyosore06@example.net,(732)407-0837x7398,17,1,3
135,Gbadebo,Bunmi,Ninalowo,2009-02-12,Male,2024-08-31,2,"0407 Paimo Bypass, Lake Adetayo, AL 90205",wuraolaoyadiran@example.net,001-367-872-6429,3,2,3
136,Iretioluwa,Moyosore,Adeleke,2008-12-11,Male,2021-04-25,3,"550 Amoke Shore Apt. 453, North Oluwamuyiwashire, NY 67016",fawodiran@example.net,(462)459-5041x04675,14,2,5
137,Faderera,Gbowoade,Shekoni,2007-02-02,Male,2023-12-28,2,"24035 Adegbite Forks, Aderogbatown, UT 48556",babasola58@example.com,001-699-270-1422x330,5,3,1
138,Toluwanimi,Adebowale,Soyinka,2004-11-26,Male,2022-07-05,1,"Unit 3509 Box 3726, DPO AA 85607",ogunboolansile@example.net,001-557-487-1636,44,3,5
139,Morolake,Ayoka,Owoyemi,2008-05-22,Female,2022-05-02,2,"7133 Omobolanle Walks, Port Adebowaleshire, TN 28586",aaderibigbe@example.net,578.427.8824,24,2,5
140,Omotayo,Fibikemi,Ibikunle,2003-10-26,Male,2024-02-26,2,"2991 Omobobola Way, Oluwagbemigaview, KS 78138",akinlabi79@example.com,+1-233-686-3903x146,24,1,3
141,Olakunle,Faderera,Faloye,2005-02-05,Female,2021-02-07,3,"507 Olakunle Shoals Apt. 872, Lake Titilayo, OR 25335",abebiowoyemi@example.net,001-415-815-8527x129,25,2,2
142,Oladimeji,Mosunmola,Osuntokun,2005-02-21,Male,2023-01-13,1,"9675 Juwon Manors Apt. 672, Ayandokunton, VA 86342",fajimigbadebo@example.com,(532)930-5816x76130,39,3,2
143,Adeolu,Omosalewa,Sobowale,2005-07-18,Male,2022-05-11,2,"24912 Ilori Tunnel, Olukungamouth, WI 11848",fowolabi@example.net,(490)626-0942,20,3,5
144,Ayodeji,Olansile,Oyetoro,2009-09-14,Male,2020-12-21,1,"653 Ibironke Village Apt. 213, Mosinmileoluwastad, MH 46658",oparindefaderera@example.net,+1-568-940-4152,28,1,1
145,Amope,Ayinde,Bakare,2003-11-22,Male,2023-08-15,2,"887 Ayoka Port, Soyinkatown, HI 91665",paimooluwafemi@example.net,714.778.8045x4823,25,2,4
146,Adetoun,Radeke,Faloye,2008-08-30,Female,2024-07-03,1,"616 Ishola Place, West Olumorotimiborough, NV 13024",omosalewa95@example.org,+1-410-410-6069x40922,15,1,3
147,Omotayo,Arinola,Falabi,2005-03-03,Male,2021-01-12,2,"USS Adegbite, FPO AE 11068",loladipupo@example.com,(570)551-1295,7,1,4
148,Arike,Fibikemi,Owoyemi,2009-09-13,Male,2021-01-27,2,"0457 Osunleke Crossroad, Ogindanfurt, CT 22949",ashekoni@example.org,(726)825-7620,15,1,4
149,Omobobola,Adetoun,Ibikunle,2008-08-20,Female,2024-05-23,4,"4223 Adisa Mall Suite 342, East Moradeke, NV 84239",ajokefajimi@example.org,(587)445-0367x46177,9,2,1
150,Abeni,Shekoni,Omojola,2007-05-06,Male,2023-11-21,1,"6446 Iyadunni Manor Apt. 083, Juwonbury, ND 21744",ninalowokolawole@example.net,+1-814-544-0641x6926,9,2,2
151,Adedeji,Adeniyi,Olabode,2007-05-24,Male,2023-02-19,4,"80081 Adeoti Isle Apt. 041, Yewandeburgh, IL 65456",toluwanimiolukunga@example.org,+1-682-289-9509x0653,43,1,5
152,Babawale,Abeni,Awolowo,2008-09-03,Female,2023-02-08,4,"2903 Adenike Street, Ronkechester, MS 01849",modupe54@example.net,915-717-5534,18,1,2
153,Fadekemi,Adesoji,Ogindan,2006-12-13,Female,2020-12-24,4,"8911 Balogun Flats Suite 500, Kosokobury, MT 53394",morawomorolake@example.net,427.410.0809x31407,42,1,4
154,Keji,Tade,Ajewole,2006-09-11,Male,2023-10-13,1,"0635 Omojola Vista, Afolayanchester, NH 88871",jakinrinola@example.net,9433334316,7,1,4
155,Mofifoluwa,Omotola,Omidina,2007-06-07,Male,2021-11-30,4,"329 Moyosore Flat, East Folashadeport, CO 00711",adeyemoomobolanle@example.net,(802)243-9696x99040,12,1,2
156,Abeni,Ayinke,Omidina,2009-07-20,Female,2023-08-08,1,"8282 Abeni Pass, West Oba, NV 63949",oluwamuyiwa43@example.com,+1-623-568-3590x879,17,3,2
157,Ayoka,Shekoni,Jaiyeola,2005-09-25,Male,2023-07-13,1,"668 Afolabi Spring Apt. 329, New Keji, PA 71944",ademiluyiamoke@example.com,(731)300-6758x20968,16,2,4
158,Adedayo,Abiona,Ogunbamigbe,2007-03-25,Female,2021-01-31,3,"924 Olanrewaju Walk Apt. 628, Port Fehintola, VT 54485",yejide24@example.com,(787)347-1107x701,15,2,4
159,Adunni,Fikayomi,Omotoso,2009-03-19,Male,2023-08-16,3,"05468 Tolulope Ford, Tomoriborough, VT 35913",oluwamuyiwa28@example.com,001-872-347-3059x1275,4,3,2
160,Mosunmola,Osunleke,Oyeniyi,2009-07-19,Female,2024-06-08,3,"30292 Yewande Green, Oyadiranside, OR 14614",esupofo43@example.org,(640)754-7900x9739,48,2,2
161,Radeke,Aderopo,Ajayi,2004-10-07,Female,2022-07-31,3,"21626 Afolabi Ridge Apt. 263, Akinrinolaton, FL 64331",adeyiafolayan@example.org,913-329-8335x9461,37,1,1
162,Morayo,Esupofo,Olabode,2005-10-16,Male,2024-01-01,2,"498 Aanuoluwapo Tunnel, North Omotoun, MO 55599",ayoka82@example.net,8316341821,5,2,1
163,Babawale,Inioluwa,Olujimi,2006-11-01,Female,2024-07-08,2,"055 Tomori Ville Apt. 356, Motunrayofort, MH 64144",lajayi@example.org,227.350.9949,48,2,1
164,Adeshina,Yetunde,Omojola,2003-12-28,Female,2024-06-19,4,"1665 Ademiluyi Turnpike, Ninalowoview, MP 68090",sowandeojo@example.com,7438140030,7,2,1
165,Doyinsola,Ibidapo,Makinwa,2008-05-08,Male,2024-05-16,4,"60105 Mosinmileoluwa Haven Suite 098, North Akinkunmi, NM 14929",zolasupo@example.org,+1-859-635-6167x00003,6,1,3
166,Amoke,Abosede,Morawo,2005-03-03,Female,2023-11-25,4,"4186 Oluwasegun Brook Apt. 050, Edunmouth, HI 80959",oladare03@example.net,(719)874-4499x011,45,3,1
167,Omobobola,Gbolahan,Kolade,2006-04-25,Male,2022-05-03,1,"160 Morolake Burgs Apt. 771, Ninalowoville, WY 80615",jilupeju@example.net,630.761.9772,19,3,4
168,Mojisoluwa,Simisola,Olujimi,2008-12-07,Male,2020-11-27,1,"86109 Osuntokun Loop, Akanmubury, MA 89888",salakoyetunde@example.org,001-932-888-6250x069,9,1,2
169,Adetoke,Shekoni,Alabi,2007-08-07,Male,2023-08-30,1,"83021 Fagunwa Landing Suite 980, South Adepeju, UT 47419",olakunleajayi@example.com,843.545.1852x6958,45,2,1
170,Mosunmola,Adetoun,Babtunde,2007-12-29,Male,2022-01-02,1,"0320 Oyaifo Shores, Lake Mojisola, DC 05319",leke36@example.org,+1-317-945-1406,11,3,3
171,Oluwamuyiwa,Asake,Olasupo,2005-06-05,Male,2022-04-15,2,"906 Alabi Haven, Ogunwobiport, IN 60878",fikayomiaderibigbe@example.net,769-623-8097x549,33,1,2
172,Bolatito,Toki,Oyeniyi,2007-01-24,Female,2022-04-22,4,"16925 Adegbite Via Suite 641, Ogulanaborough, MT 53078",morolake89@example.org,001-387-528-6440,3,1,4
173,Aderopo,Yejide,Oyaifo,2008-09-18,Female,2021-09-19,3,"044 Ogunbo Inlet, Balogunchester, NC 77838",adeshina53@example.org,(838)410-8169,3,3,3
174,Mosinmileoluwa,Mojisoluwa,Ogunde,2006-09-14,Male,2024-02-21,2,"USS Adisa, FPO AP 88439",adekunle16@example.org,001-202-873-7715x709,20,3,3
175,Arike,Mosunmola,Fasasi,2003-12-21,Female,2021-02-06,2,"85541 Makinde Mountains, West Ajala, IL 77578",owoyemiadepeju@example.com,001-759-323-3108x396,18,3,4
176,Abiodun,Adetoun,Adebisi,2006-11-29,Female,2024-03-29,3,"3357 Salako Spur, Sobowalestad, MA 27274",bolatitooparinde@example.org,001-838-820-8391x031,10,2,3
177,Temidayo,Awero,Owoyemi,2004-12-03,Male,2022-12-15,3,"777 Falabi Glen Apt. 752, Odunsiport, NJ 45419",qolabode@example.org,4792144619,37,1,1
178,Sijuade,Bolatito,Fajimi,2003-12-23,Female,2023-07-12,4,"96486 Adunni Square Suite 620, New Yejidefurt, PR 66452",ayodele91@example.net,244.737.9365x173,28,3,5
179,Olanrewaju,Fibikemi,Osuntokun,2006-10-11,Male,2022-09-13,1,"28516 Ajao Parkway Apt. 920, Koyatown, KY 71205",arinolaadesiyan@example.com,8886886060,2,1,2
180,Adetayo,Iseoluwa,Owolabi,2008-10-07,Female,2021-10-07,4,"683 ObaniJesu Station Suite 363, North Omodunniton, DC 69099",adeleketemidayo@example.net,+1-445-872-2089x209,7,3,1
181,Akinkunmi,Ekundayo,Afolabi,2007-06-02,Female,2022-12-28,4,"96528 Adekola Route, Ekundayofort, TX 83787",aajewole@example.net,(265)546-4516,25,3,1
182,Afolarin,Olufunke,Owolabi,2009-04-08,Female,2024-04-22,3,"814 Aloba Highway, North Ajani, ND 81739",babasola19@example.net,(872)503-5883,38,1,5
183,Arinola,Oyenike,Olukunga,2004-08-31,Female,2022-07-10,1,"85939 Oyaifo Brooks Suite 742, South Simisola, GU 26208",adesoji02@example.org,793.932.9187x2079,31,1,3
184,Oladimeji,Ajoke,Jaiyeola,2006-04-11,Female,2024-04-06,1,"PSC 1559, Box 0156, APO AE 07026",motunrayoogunbiyi@example.org,(764)969-1226x7462,13,3,2
185,Adesoji,Moradeke,Olukunga,2008-04-27,Male,2021-01-25,1,"61290 Fadipe Unions, Oyadiranborough, KS 95513",oluwamumibori29@example.org,+1-782-880-5215,45,1,1
186,Ayinde,Ekundayo,Alabi,2005-07-08,Male,2022-08-28,1,"62191 Fagunwa Fall, West Abiodun, CT 49201",tayandokun@example.com,(715)801-2293x982,42,3,5
187,Abebi,Alamu,Olaiya,2007-07-06,Female,2023-12-13,3,"1398 Oyeyemi Manor, Ogunbamigbeburgh, OK 16584",alamu67@example.com,878.387.8962x0551,13,3,5
188,Toki,Adekitan,Oparinde,2003-12-12,Male,2022-06-30,4,"6046 Oluwasegun Turnpike, North Alamumouth, CT 14305",kikelomoojua@example.com,455-306-2212x8619,38,1,1
189,Mofifoluwa,Omobolanle,Adegoke,2008-03-22,Female,2023-09-17,2,"0044 Adisa Dam, Koyaview, NY 76808",olasunmbo26@example.com,+1-882-612-3329x898,24,1,4
190,Abayomi,Mofifoluwa,Ogunyeye,2004-04-05,Female,2023-09-06,2,"051 Ajayi Cape Apt. 553, Fajimishire, SC 16209",ojuafolashade@example.com,731.323.3713,11,1,5
191,Sowande,Juwon,Akinrinola,2005-07-29,Female,2020-10-12,4,"USCGC Salami, FPO AP 46809",ayoolaadeoti@example.net,572.555.4540,33,3,1
192,Ibironke,Temidayo,Bamidele,2004-05-03,Female,2022-03-15,4,"217 Gbolahan Skyway, North Demilade, TX 85392",babawale92@example.org,(795)878-8643x8113,8,2,4
193,Toki,Shekoni,Olaiya,2008-04-10,Male,2023-11-01,4,"0911 Oyetoro Glens, New Omosalewa, DE 53775",rogunde@example.net,001-485-765-0437,13,1,3
194,Korede,Keji,Olaiya,2005-02-21,Female,2024-05-04,1,"5761 Faloye Terrace Suite 792, Aderibigbeside, GU 17219",tade81@example.net,(280)515-9909,42,1,4
195,Iyabode,Adedayo,Omojola,2007-10-26,Male,2021-09-09,3,"9983 Ekundayo Knoll, Adelusifort, GA 15796",iretioluwaoyaifo@example.net,216-476-2729,10,3,3
196,Boluwatife,Mojisoluwa,Afonja,2006-12-15,Male,2024-03-06,3,"801 Iyanda Roads, Lake Ayindehaven, GA 30384",oyetoroadesoji@example.com,332-242-2621x717,21,3,5
197,Oluwamuyiwa,Ayodeji,Adelakun,2008-11-08,Female,2023-07-01,1,"PSC 2542, Box 7318, APO AE 24384",bolatitooginni@example.org,+1-583-889-4494,10,1,2
198,Babawale,Ige,Omotoso,2007-05-10,Female,2021-06-15,3,"3304 Ninioluwa Street, West Omotara, WY 96935",yetundesoyinka@example.com,(968)471-5088x558,11,2,5
199,Yejide,Oluwole,Ojo,2007-01-15,Male,2021-06-20,1,"1227 Oparinde Hollow, Port Akanmu, WI 73703",golusanya@example.com,753-761-8669,25,3,2
200,Alamu,Gbolahan,Soyinka,2007-08-06,Male,2023-09-27,2,"Unit 2161 Box 0700, DPO AA 74953",omolara79@example.org,(656)205-8046x226,3,2,5
201,Yewande,Amoke,Afonja,2009-08-03,Female,2024-06-18,1,"2526 Olajumoke Junction Suite 818, East Oyenikeborough, NM 24690",adesewa66@example.com,420.693.0296x1232,9,3,4
202,Shekoni,Omodunni,Morawo,2007-01-07,Female,2023-08-23,3,"40188 Olabode Plaza, Ewatomistad, VT 19715",sajewole@example.net,662-998-3678x33031,29,1,4
203,Akanmu,Akinlabi,Olasupo,2004-10-03,Female,2022-04-26,1,"492 Sobowale Lock, New Simisolamouth, KS 99678",sowandeowoyemi@example.net,5033774277,29,1,2
204,Oreofe,Ikeoluwa,Ajayi,2009-04-25,Male,2020-12-10,4,"984 Adetoun Land Apt. 333, Paimomouth, VA 81081",omowumiadegoke@example.net,(849)346-3503,40,2,5
205,Seye,Korede,Adelakun,2008-09-06,Male,2023-12-25,3,"763 Tomori Square, New Demiladehaven, NV 41935",adetayoadelusi@example.com,958-363-1061x731,10,2,2
206,Ikeoluwa,Radeke,Kosoko,2009-02-08,Male,2022-03-28,3,"509 Oyindasola Stravenue, West Oyindasolaburgh, KY 51668",wolugbayila@example.com,812-935-3704,48,3,1
207,Fibikemi,Omotara,Oyadiran,2009-02-17,Female,2022-12-25,3,"1614 Owokoniran Common, Adeshinaport, WY 04715",alamu24@example.net,+1-378-595-7433,49,3,4
208,Olufunmilayo,Adebowale,Adegbite,2004-09-23,Female,2024-05-18,4,"2222 Afolayan Lodge Suite 752, North Iyadunniport, IL 41400",morolake40@example.com,001-738-627-3105x82736,39,2,3
209,Motunrayo,Adetayo,Edun,2008-08-31,Male,2023-12-24,4,"090 Oluwagbemiga Highway, Omotayoport, TX 90401",sadegbite@example.net,(948)924-3816,28,1,1
210,Adenike,Adeyi,Ilupeju,2006-05-29,Female,2023-08-06,4,"0565 Adeyemo Centers, East Morayoville, TX 68897",simisola63@example.com,9033819326,33,2,4
211,Wuraola,Ayinke,Omidina,2005-06-28,Female,2022-01-10,2,"212 Moradeke Plaza Suite 691, Lake Oketon, VT 63604",akinwaleoginni@example.com,989-287-2429x8875,47,2,2
212,Tomori,Ronke,Odunsi,2003-10-05,Male,2021-01-14,3,"104 Moradeke Vista, West Adeoluland, WI 82838",adisaomotola@example.com,001-673-967-8971x018,33,2,3
213,Esupofo,Aanuoluwapo,Kosoko,2004-08-03,Male,2023-10-06,4,"169 Odunsi Oval Suite 171, Ilupejuton, AZ 00761",gafonja@example.com,6488840796,12,1,2
214,Olasunmbo,Omobolanle,Falabi,2006-03-29,Male,2022-11-20,4,"3601 Adebowale Course Apt. 136, Odunsiborough, ID 62759",oluwamuyiwa42@example.net,495-276-1565,20,3,2
215,Olumorotimi,Durodola,Adelusi,2006-09-27,Male,2024-05-31,3,"80166 Damife Pines, Port Segilola, WY 35428",sobowaleoluwasegun@example.net,+1-531-786-9192,32,3,2
216,Oluwamumibori,Omodunni,Fagunwa,2005-01-02,Male,2021-12-03,1,"PSC 8391, Box 8873, APO AA 44107",adesojiolaiya@example.org,289.824.0607,14,1,1
217,Adekitan,Oreofe,Odetola,2007-07-19,Male,2023-03-22,2,"759 Iretioluwa Forges Apt. 651, Olabodehaven, MH 20178",ogunbamigbeakinkunmi@example.org,8296216846,4,3,3
218,Adesua,Tade,Ayandokun,2004-01-14,Female,2021-03-12,2,"09288 Olowokeere Forks Suite 352, Osuntokunstad, WI 68407",fadipefaderera@example.com,2647184663,19,2,3
219,Ikeoluwa,Ewatomi,Adelusi,2009-05-31,Male,2022-05-08,2,"6425 Oparinde Wall Apt. 630, Osunlekeshire, MH 69716",oluwasegunoyaifo@example.net,473.612.8428x766,29,2,5
220,Omosalewa,Gbadebo,Makinde,2003-12-31,Male,2023-11-24,2,"63564 Jaiyeola Extension, Afonjaton, MH 05714",olukungaomolara@example.net,(376)897-4588x55174,41,1,2
221,Radeke,Alamu,Koya,2004-12-22,Male,2023-01-29,1,"50346 Aanuoluwapo Run, Olumorotimifurt, CA 07055",adetayo43@example.net,365-566-8669x7168,34,3,5
222,Oluwamuyiwa,Atinuke,Oginni,2007-04-01,Male,2021-09-22,1,"269 Demilade Loaf, East Juwonchester, KY 38342",aojo@example.com,(288)237-9038x00867,37,3,2
223,Abiona,Omosalewa,Olujimi,2009-02-21,Female,2024-06-13,2,"8227 Owoyemi Mission Apt. 184, South Temidayo, UT 70265",lbamiloye@example.org,4436244655,22,1,1
224,Adeoti,Omobolanle,Oshin,2008-07-02,Female,2022-02-06,4,"3056 Radeke Crest, Port Ajoke, MT 92843",fadekemi34@example.org,838.220.9043,30,1,4
225,Oluwakemi,Olufunke,Owoyemi,2005-11-05,Male,2023-07-28,2,"38849 Jaiyeola Plaza Suite 480, Kosokoport, DE 80987",ajalaolugbayila@example.net,001-583-465-0178,26,1,4
226,Adeshina,Gbowoade,Fadipe,2006-11-22,Male,2024-09-20,4,"USNS Olowokeere, FPO AE 06864",kadesiyan@example.org,474-581-9223x2375,49,1,4
227,Bolatito,Adenike,Aderibigbe,2009-07-06,Female,2023-10-16,4,"3095 Ololade Green Suite 354, Akinwalemouth, VA 74722",ogundeewatomi@example.net,+1-828-245-4672x874,34,3,5
228,Oreofe,Olufunmilayo,Ajayi,2006-07-08,Male,2021-12-04,3,"Unit 1917 Box 2613, DPO AE 65770",olugbayilasimisola@example.org,(472)437-1081x064,35,2,4
229,Ogooluwa,Adedeji,Aloba,2008-05-15,Male,2022-01-23,2,"9727 Oreofe Points, North Omotarashire, MI 91381",toki08@example.org,311.225.8927,21,2,1
230,Omosalewa,Iseoluwa,Awodiran,2009-03-13,Female,2022-04-27,4,"962 Afolayan Parkways, Port Fehintolaland, NM 06495",tokunbo23@example.com,685.951.5762x86334,27,1,4
231,Aanuoluwapo,Akinwale,Ilori,2004-08-21,Male,2020-10-15,4,"406 Adeyi Ranch, Gbadebofort, RI 53829",lere37@example.org,631-214-1234x84960,20,3,5
232,Tade,Awero,Owoyemi,2006-02-21,Male,2024-06-30,3,"11671 Faleti Field, East Seyechester, MA 36149",oluwasanmi48@example.org,819-819-9544x733,2,1,4
233,Morayo,Adenike,Fajimi,2007-10-19,Male,2023-07-26,4,"775 Adesiyan Valleys, Adesuaville, NH 21874",ninalowooluwole@example.com,+1-256-985-2073x2755,46,3,4
234,Olakunle,Adekunle,Olabode,2006-10-11,Male,2022-01-14,2,"813 Olusanya Manors, Arikeport, NV 61458",kejifasasi@example.org,(920)790-5402,16,3,4
235,Simisola,Abebi,Owokoniran,2007-06-05,Female,2022-03-08,2,"24135 Osuntokun Lake, Morawoside, MA 21871",adeotiadeyemo@example.net,001-962-711-3433x586,35,3,3
236,Seye,Shekoni,Adegbite,2007-07-21,Female,2024-01-29,1,"8393 Bamidele Pine, New Iretioluwaborough, AZ 57512",oyenike58@example.org,+1-883-956-0898x221,7,2,1
237,Folashade,Toluwanimi,Afonja,2007-12-12,Male,2021-09-26,2,"344 Olanrewaju Bridge, Olujimiville, AS 44360",wkolade@example.net,314.280.5808,36,2,5
238,Ronke,Amoke,Ogunyeye,2009-02-16,Female,2021-08-25,2,"5283 Toluwanimi Courts Apt. 229, Ikeoluwaview, AS 47776",olubodebabawale@example.net,721.564.1556x4295,8,2,2
239,Simisola,Akinwale,Afolabi,2009-04-11,Male,2023-08-08,1,"871 Adenike Ramp, Oyadiranhaven, WY 61767",ibidapo44@example.com,001-636-966-8504x6713,10,3,1
240,Adigun,Olumorotimi,Faleti,2004-04-11,Female,2023-10-03,2,"13102 Ikeoluwa Brooks Suite 233, Fibikemiville, NM 36199",eafonja@example.org,001-570-658-1042,20,2,5
241,Adesua,Abayomi,Ninalowo,2003-11-20,Female,2024-04-11,1,"3412 Ajao Village Apt. 592, Omobolanleside, MP 98949",keji46@example.net,3326403961,24,2,4
242,Eniola,Aderopo,Salako,2005-12-27,Male,2022-08-10,1,"6713 Ajayi Spring, East Adekolafort, IN 19646",oyindasolaogunyeye@example.net,+1-347-570-1198x257,48,1,1
243,Omobobola,Gbowoade,Afonja,2004-08-24,Male,2021-09-01,3,"677 Ekundayo Courts, Oyinlolamouth, SC 58299",oibikunle@example.net,799-349-1262,37,3,4
244,Oyindasola,Bolatito,Adesiyan,2008-08-25,Male,2021-03-10,3,"1313 Kikelomo Junctions Suite 260, East Leke, VI 32168",aadekunle@example.com,+1-316-370-2518,35,2,4
245,Niyilolawa,Ikeoluwa,Odunsi,2004-08-11,Female,2024-09-18,4,"324 Omodunni Ports Apt. 486, East Abeni, NE 13306",ayandokunomotola@example.com,(642)209-3315x89987,12,1,4
246,Adeoti,Motunrayo,Jaiyeola,2006-12-12,Female,2024-08-24,3,"Unit 5598 Box 3818, DPO AP 28724",xakinrinola@example.net,+1-635-548-6204,11,1,5
247,Adeyi,Adekola,Owolabi,2008-10-16,Male,2020-12-24,1,"4632 Aderogba Station Suite 430, New Ige, DE 09004",olufunmilayo25@example.net,(542)424-0151x0023,36,1,3
248,Ronke,Mojisola,Odunsi,2008-06-01,Male,2022-12-23,3,"031 Titilayo Station, Port Ninioluwafurt, VI 66603",subomimakinwa@example.com,(780)793-4465x31811,5,2,3
249,Adetayo,Abosede,Kosoko,2005-08-06,Male,2022-03-23,1,"47609 Omowumi Valleys, Owoyemiborough, SC 18576",gsalako@example.com,(722)677-3796x68727,34,3,2
250,Adekunle,Inioluwa,Adisa,2008-08-02,Male,2021-06-28,2,"2966 Modupe Grove Suite 528, New Adeyi, GA 27869",dolusanya@example.net,(373)770-5435x96404,26,2,3
251,Adebukola,Omobobola,Oginni,2009-08-10,Female,2022-01-19,4,"19065 Gbadebo Run Apt. 811, Olanrewajuborough, MP 96880",yejide43@example.net,(865)351-4140,43,2,1
252,Anjolaoluwa,Amope,Akinrinola,2008-08-23,Female,2023-06-02,2,"Unit 2900 Box 8661, DPO AA 52930",ogundeyewande@example.com,729.320.5495,15,3,2
253,Tade,Adekitan,Olasupo,2009-08-04,Male,2022-09-24,3,"404 Temidayo Ranch, Okehaven, FL 21218",koyagbadebo@example.org,(408)954-2428x8746,17,2,2
254,Adetayo,Toluwanimi,Morawo,2008-04-17,Female,2023-12-25,4,"3724 Adedeji Radial Apt. 147, Oluwafemifort, MH 77183",faloyeasake@example.org,(980)641-6614x55327,34,2,1
255,Adunni,Olansile,Jaiyeola,2007-11-26,Female,2023-05-24,1,"771 Shekoni Greens Apt. 228, Port Iseoluwamouth, NJ 53377",makinwaakinlabi@example.org,+1-623-945-4747,49,2,5
256,Similoluwa,Omotara,Oshin,2005-10-10,Female,2022-03-13,4,"PSC 0083, Box 7664, APO AE 57576",fadipeabiona@example.com,9319046285,38,3,2
257,Omotara,Leke,Odunsi,2005-10-25,Male,2023-10-27,4,"190 Ilori Crossroad, Ademiluyiport, IL 93928",awero21@example.org,530-866-7618,41,3,1
258,Arinola,Abiona,Fajimi,2009-07-22,Female,2024-06-03,1,"8962 Akanmu Rapids, Lake Akinkunmifurt, DE 39566",soyinkaadesua@example.org,+1-220-636-3827,42,1,4
259,Oluwamumibori,Ishola,Adeyemo,2005-11-28,Male,2023-06-13,4,"862 Morenike Knolls, Alamuborough, WI 23785",woyinlola@example.com,675.807.5064,36,3,2
260,Ekundayo,Babatunji,Adekunle,2006-04-23,Male,2022-10-31,2,"80144 Kolade Mews, New Amope, MT 37714",wolujimi@example.org,987-925-7037,45,3,5
261,Oladimeji,Omolara,Awolowo,2006-08-10,Female,2021-05-21,1,"2582 Soyinka Gateway Suite 186, Salakofurt, FL 09703",voyeyemi@example.com,(911)268-5227x611,24,2,2
262,Morolake,Keji,Faloye,2008-09-17,Female,2021-03-15,4,"930 Ayandokun Walk, Ajaochester, GU 93646",olansile62@example.com,813.935.5099,24,2,2
263,Adetayo,Ishola,Morawo,2005-02-16,Female,2022-08-27,2,"71800 Adeleke Lodge Apt. 121, North Ibidapo, NH 85064",gademiluyi@example.com,(602)420-7427,37,3,2
264,Arinola,Moyosore,Iyanda,2007-05-02,Female,2022-06-10,4,"326 Durodola Causeway Apt. 916, West Omotayo, MI 36818",olujimisowande@example.com,629-329-4896x8787,47,2,4
265,Adedayo,Mosinmileoluwa,Oyetoro,2008-06-05,Male,2022-12-08,3,"94467 Durodola Lakes Apt. 555, Segilolaland, FL 11161",ninioluwa53@example.com,448.901.7224x8966,42,1,2
266,Amope,Adeolu,Osuntokun,2005-05-17,Male,2024-04-01,2,"040 Abeni Vista, Asaketown, WA 37401",tademiluyi@example.com,(667)554-9871x1071,35,2,4
267,Mosinmileoluwa,Babasola,Ajewole,2007-02-21,Female,2023-03-08,2,"96337 Folashade Port Suite 910, Kolawoletown, NV 51829",omojolakolawole@example.com,+1-976-878-0213x625,29,2,3
268,Ikeoluwa,Adeleke,Paimo,2007-05-20,Male,2021-03-04,2,"6952 Oshin Squares, Tokunbostad, NM 86517",ogunbiyieniola@example.net,+1-355-568-7235x5375,36,2,4
269,Adeshina,Mosinmileoluwa,Ajayi,2004-01-14,Male,2022-01-19,3,"769 Adisa Plaza, Adeolustad, VI 28949",msalako@example.org,629.531.8218x3067,6,1,4
270,Folu,Ololade,Koya,2009-08-17,Male,2023-09-25,1,"715 Iyanda Rest Suite 351, Port Olajumokemouth, RI 36581",ayoolaayodeji@example.net,(536)478-4591x53891,8,2,3
271,Olufunmilayo,Oluwole,Adisa,2004-09-21,Female,2022-03-24,4,"56326 Iretioluwa Passage, Adekunleland, ND 91784",yalabi@example.com,+1-708-289-6762x708,3,1,5
272,Radeke,Aanuoluwapo,Aderibigbe,2006-12-17,Male,2023-10-07,1,"68913 Ajayi Forks Suite 276, Mofifoluwamouth, NM 17497",edunesupofo@example.com,(541)690-4066,7,1,3
273,Similoluwa,Adesoji,Fagunwa,2008-12-30,Male,2021-06-11,1,"42653 Oreofe Road Suite 753, Owolabibury, IN 46660",oginnimojisoluwa@example.net,(470)297-2448,40,3,4
274,Faderera,Boluwatife,Owokoniran,2007-03-09,Female,2023-01-06,2,"50746 Edun Ford Suite 424, Olubodeberg, NY 71105",owolabiolansile@example.com,(999)965-6236x39685,6,3,5
275,Olufunke,Moyosore,Adebisi,2007-11-14,Female,2023-08-31,4,"2239 Aderopo Forges Apt. 164, Atinukechester, ND 63470",omosalewaaderibigbe@example.com,001-663-517-4554x19754,46,1,5
276,Ayodele,Awero,Olowokeere,2007-06-30,Female,2020-12-22,3,"8945 Adisa Light, Babatunjishire, NH 71137",arikeadelakun@example.com,001-550-871-4761,35,1,4
277,Segilola,Boluwatife,Ademiluyi,2008-11-29,Male,2022-10-24,2,"24112 Olujimi Park Apt. 876, Olukotunbury, MD 67721",folu56@example.org,001-699-607-5419x0503,49,3,5
278,Oyindasola,Adebiyi,Ogunbiyi,2006-07-14,Male,2022-07-04,4,"37786 Owokoniran Fields, Port Ibidapo, IA 63865",abenioshin@example.org,+1-570-281-6431x736,45,1,3
279,Oyindasola,Oluwamumibori,Ogunbiyi,2008-06-20,Female,2023-09-01,4,"8389 Amoke Run Apt. 987, Edunborough, CT 16036",soyinkaoluwagbemiga@example.com,(348)640-8602x3756,16,1,3
280,Alade,Radeke,Olaiya,2007-01-07,Female,2024-05-12,4,"68946 Tomori Points Apt. 792, Port Babawalechester, MH 83229",olusanyababasola@example.net,(264)450-1405x8411,21,1,4
281,Adeolu,Omodunni,Edun,2005-07-13,Female,2023-01-25,2,"2209 Oluwole Loop, Oladipupoberg, AK 85161",igeoladipupo@example.net,5172766886,49,1,4
282,Mojisola,Oluwasanmi,Oluwagbemi,2008-12-12,Male,2022-12-17,1,"Unit 0042 Box 7251, DPO AP 72298",omolabake32@example.com,(554)649-7336x24191,39,1,4
283,Gbolahan,Omosalewa,Olaiya,2009-04-09,Male,2021-06-19,2,"08991 Makinwa Rest Apt. 574, North Titilayoside, WV 78358",womidina@example.net,(740)462-9971,24,3,4
284,Faderera,Omobobola,Olubode,2009-02-01,Male,2024-01-19,3,"PSC 0792, Box 3243, APO AA 35651",temidayobalogun@example.com,9116746312,26,3,3
285,Abiodun,ObaniJesu,Omojola,2007-04-07,Male,2023-09-09,1,"823 Oyinlola Forks Suite 051, Amokeburgh, AS 86188",zogunbamigbe@example.org,508-786-0794x9658,48,2,2
286,Ajani,Ige,Babtunde,2005-04-24,Male,2021-10-25,2,"118 Awodiran Island, Ibikunleview, OH 43747",adedayooyetoro@example.org,(766)886-2665x65223,15,3,2
287,Oladare,Iretioluwa,Makinwa,2008-06-17,Male,2022-02-28,4,"45133 Ogindan Haven Suite 733, Koladefurt, MD 47693",oluwafemi78@example.org,+1-954-632-9385x086,9,1,5
288,Mosunmola,Folashade,Olukunga,2008-05-15,Male,2021-03-17,4,"Unit 9688 Box 2731, DPO AE 47721",makindeolasunmbo@example.com,001-587-358-5348,31,2,5
289,Adeleke,Adesua,Ademiluyi,2007-12-10,Male,2024-01-02,4,"959 Makinde Rapids, Tomoristad, WY 02841",ogulanakikelomo@example.net,527.741.4672,40,3,3
290,Yejide,Adigun,Afonja,2006-05-09,Male,2023-08-07,3,"243 Moyosore Knoll Apt. 686, Oshinmouth, MT 46039",adedejiayoola@example.com,+1-598-450-3860,22,1,1
291,Leke,Gbadebo,Ayoola,2006-05-27,Male,2021-12-02,3,"1859 Tomori Unions, South Yewande, CA 85491",mofifoluwa13@example.org,001-885-409-9033x739,7,2,4
292,Simisola,Mofifoluwa,Odetola,2007-01-11,Male,2023-04-27,3,"7826 Olasunmbo Trafficway, Fikayomiside, NC 34720",fibikemikolade@example.org,(704)222-7484x933,18,1,4
293,Osunleke,Ishola,Adegbite,2009-01-14,Male,2021-06-15,3,"45270 Ogunbiyi Fall Apt. 552, Oyeyemiport, GU 56788",olujimigbolahan@example.net,258.509.2778,34,2,5
294,Mosunmola,Adetoun,Oladipupo,2008-09-17,Female,2022-01-05,2,"036 Aderogba Summit Apt. 167, Adeleketon, CT 13054",jolaiya@example.org,001-282-969-2306x379,31,3,5
295,Ibironke,Omodunni,Babtunde,2006-04-13,Male,2022-08-02,2,"PSC 6623, Box 3888, APO AE 20990",adeyifaleti@example.org,231-342-8425,3,1,2
296,Inioluwa,Akanmu,Kosoko,2008-01-31,Female,2022-05-12,3,"42079 Ninioluwa Extension Suite 534, Fadekemiport, TN 05209",faletiekundayo@example.com,001-229-726-4341,14,1,2
297,Adeshina,Anjolaoluwa,Kolade,2008-02-01,Male,2022-05-31,1,"90871 Oluwole Orchard, Alobastad, GU 13532",awodiraniseoluwa@example.org,988.783.9027x19785,33,2,2
298,Olakunle,Abeni,Oloyede,2006-09-11,Male,2023-10-25,2,"Unit 5734 Box 9655, DPO AP 39033",adedayo21@example.com,001-798-691-7493x68775,48,3,5
299,Gbowoade,Damife,Bamiloye,2008-07-26,Male,2024-08-11,4,"04095 Korede Dale Suite 300, South Temidayo, HI 21997",akinkunmiolasupo@example.net,401-857-2924x24973,19,2,5
300,Olakunle,Subomi,Afonja,2005-02-25,Male,2022-06-08,3,"30631 Ayoka Streets, West Simisolaland, OH 43360",oladimejiogunbiyi@example.com,(217)761-7898x6611,21,1,1
301,Gbadebo,Ayodeji,Ibikunle,2007-09-18,Male,2021-11-01,2,"721 Kolade Canyon Suite 284, Igemouth, RI 06618",gkolade@example.org,+1-627-769-2948x672,15,3,2
302,Doyinsola,Simisola,Afolayan,2008-05-05,Male,2023-02-24,3,"64384 Oba Pines, South Damifeland, LA 60793",adeleke56@example.net,+1-387-988-2064,39,2,1
303,Morayo,Ishola,Oluwagbemi,2006-12-09,Male,2022-12-15,2,"523 Gbadebo Cape, North Olumorotimiville, AS 45413",dogunyeye@example.com,(637)618-9117,27,3,4
304,Abayomi,Ayinke,Adebisi,2009-02-26,Male,2023-12-30,3,"650 Atinuke Walks Suite 656, Ikeoluwashire, OH 50461",awolowofehintola@example.com,303.616.7784x1540,41,2,2
305,Adepeju,Amoke,Akinrinola,2008-02-20,Female,2023-05-07,1,"09152 Oparinde Neck, South Sowande, NE 62086",olaiyaayodeji@example.org,+1-299-638-8623,20,3,1
306,ObaniJesu,Inioluwa,Oyeniyi,2006-05-23,Female,2022-02-16,4,"27146 Mosunmola Street Apt. 048, Damifemouth, CA 89120",arikesoyinka@example.com,+1-926-509-7894x090,19,3,2
307,Adebiyi,Arinola,Ojo,2004-05-26,Male,2023-02-28,3,"77630 Ajayi Stream, Port Omosalewafort, MP 61041",oke78@example.com,+1-249-996-1055x6685,22,3,1
308,Moyosore,Tolulope,Adegoke,2009-05-16,Male,2022-02-09,3,"6903 Adesiyan Alley Apt. 166, Iyandaton, VA 56430",owolabioyenike@example.org,771-477-3922,22,1,3
309,Mosinmileoluwa,Olansile,Kolade,2008-03-01,Female,2024-01-06,2,"6228 Adesoji Ranch, Ololadestad, MN 60006",adeyiilori@example.com,001-392-577-2549x360,39,1,2
310,Abosede,Titilayo,Afolabi,2008-08-03,Male,2023-03-04,2,"337 Salako Manor Apt. 067, Adelekeport, MO 11198",tfadipe@example.org,+1-642-621-5295x173,9,2,4
311,Ige,Abiona,Bamidele,2004-10-14,Female,2022-08-16,2,"463 Alade Throughway, Oladarefurt, DC 42856",abayomioyinlola@example.com,+1-742-278-1253,20,3,1
312,Tolulope,Adeshina,Oyetoro,2006-09-15,Male,2023-05-18,2,"095 Iyanda Junctions, Port Adeolutown, AL 21981",ayoolaanjolaoluwa@example.net,861-279-1651,12,1,5
313,Arinola,Morenike,Bakare,2009-02-16,Female,2023-08-04,2,"13331 Juwon Manor, Lake Adekunle, IN 03934",ayodeleolujimi@example.org,832-358-2714x98506,48,3,5
314,Wuraola,Ronke,Olukunga,2004-01-01,Female,2021-12-23,4,"997 Morolake Harbors, North Morenikeville, AK 07426",jaiyeolaobanijesu@example.net,+1-999-204-4662x6987,17,3,4
315,Alade,Olumorotimi,Olukunga,2007-10-02,Female,2022-03-13,4,"USCGC Adegoke, FPO AE 25255",ajayiadenike@example.org,6886777757,20,2,2
316,Oluwagbemiga,Abayomi,Ilupeju,2008-12-07,Male,2020-10-08,2,"6404 Adetoke Fort Suite 510, Anjolaoluwamouth, AR 47465",olumorotimi75@example.org,813-401-1709x15159,22,2,5
317,Oluwamuyiwa,Morenike,Oyetoro,2005-11-01,Female,2024-04-19,4,"545 Ronke Viaduct, North Amoke, MA 78581",oparindeyejide@example.net,8616325782,34,3,3
318,Sowande,Oluwamumibori,Ayandokun,2004-02-02,Male,2024-08-02,3,"PSC 5496, Box 3973, APO AA 10587",adelakuneniola@example.org,+1-459-901-9862x6849,4,3,5
319,Adetoke,Arinola,Sobowale,2004-02-05,Female,2024-09-30,4,"822 Owoyemi Crossing, West Iyadunni, RI 66471",adesiyanakinlabi@example.net,(905)415-5071x102,44,3,3
320,Adebiyi,Asake,Awodiran,2004-11-21,Male,2021-01-17,2,"PSC 8110, Box 2597, APO AA 95708",amope52@example.org,5397626144,24,2,2
321,Oba,Tade,Odunsi,2009-02-12,Male,2021-09-14,2,"303 ObaniJesu Port, Awodiranstad, TX 97868",sfalabi@example.com,656.425.7612x651,18,3,2
322,Adeoti,Oluwasanmi,Oparinde,2004-04-20,Female,2022-01-22,3,"87466 Olugbayila Turnpike, New Oluwasanmi, RI 83598",owolabiiretioluwa@example.net,(586)513-7737x96215,28,3,2
323,Awero,Radeke,Olowokeere,2007-09-16,Male,2021-04-28,1,"Unit 2184 Box 6370, DPO AE 49407",bamidelemojisoluwa@example.com,955-553-7693,3,3,2
324,Omodunni,Iyadunni,Olukotun,2008-11-10,Male,2023-01-10,2,"642 Odunsi Crest, Lake Ayodele, OK 79717",polabode@example.net,232-964-4187x94737,3,2,1
325,Oluwamumibori,Adeyi,Oluwagbemi,2007-01-16,Male,2022-07-11,4,"70974 Ninioluwa Crest Suite 247, West Amopeshire, WI 01014",ademiluyiajala@example.com,658.547.8070,27,1,2
326,Omodunni,Segilola,Adebisi,2007-10-27,Male,2024-04-30,4,"4535 Fagunwa Hill Suite 022, East Adeshinabury, ID 96643",similoluwafajimi@example.org,257.398.0695,6,3,3
327,Temidayo,Adedayo,Awodiran,2007-05-16,Male,2022-04-18,3,"USNV Paimo, FPO AE 82808",adeleke57@example.org,+1-956-250-1593x40791,7,2,5
328,Yejide,Ninioluwa,Fagunwa,2008-07-02,Male,2022-03-05,2,"149 Olufunmilayo Pine, Adelusishire, CO 62491",fadekemialabi@example.org,6542693873,33,3,5
329,Oreofe,Olanrewaju,Ojo,2009-01-08,Male,2022-12-11,3,"725 Olujimi Keys, West Ayinkefurt, PR 49912",iyabode65@example.com,(553)370-3155,17,1,3
330,Omosalewa,Ololade,Falabi,2004-03-17,Male,2024-08-06,1,"61774 Aderogba Center Suite 955, Makinwahaven, OR 46676",olansile64@example.com,001-764-924-6732,26,2,3
331,Iseoluwa,Toki,Adesiyan,2009-09-06,Male,2023-09-27,3,"482 Salako Valley Apt. 985, Omotayomouth, AR 72709",dilori@example.net,383-988-4219x1777,45,2,5
332,Ayinke,Mosunmola,Ademiluyi,2009-04-23,Male,2022-09-14,4,"52032 Alade Dam, Lake Adedayoside, VT 53632",kosokoomotayo@example.org,583-545-3306x8150,27,1,1
333,Amope,Gbowoade,Olujimi,2008-02-10,Female,2021-07-09,2,"1243 Ninalowo Inlet, South Oluwasegun, MD 14664",omobolanle54@example.com,473.601.7692x6935,45,3,4
334,Iseoluwa,Omolara,Adisa,2004-05-02,Male,2023-06-13,4,"48107 Adesiyan Gateway, Kosokoburgh, OR 21793",ogunwobimojisoluwa@example.org,+1-943-233-5954x88624,33,3,2
335,Niyilolawa,Oluwagbemiga,Olukotun,2005-02-24,Male,2022-11-17,3,"803 Damife Villages Suite 627, Ronkeland, FM 73603",ayodejioyeyemi@example.com,503-639-2609x494,14,2,2
336,Ayodeji,Moradeke,Olukotun,2007-10-14,Female,2024-09-11,2,"386 Afonja Ridge Apt. 140, Oluwasegunborough, KS 19536",akinrinolaolumorotimi@example.net,001-609-324-4807x0492,43,3,4
337,Oke,Asake,Oparinde,2004-02-29,Female,2022-04-29,1,"227 Awolowo Greens, Makinwaton, SC 31359",pmakinde@example.com,+1-974-516-7924x3331,35,1,2
338,Ewatomi,Ajala,Aderibigbe,2004-10-17,Female,2022-09-16,4,"PSC 0350, Box 8855, APO AE 34965",morawoolufunmilayo@example.net,001-937-530-8372,37,3,5
339,Adekola,Durodola,Ninalowo,2007-11-04,Male,2022-10-19,1,"41547 Adekunle Mission Suite 292, Akinwaleshire, MN 68712",dibikunle@example.net,001-722-873-3339x898,24,2,1
340,Iretioluwa,Ololade,Edun,2005-08-12,Male,2022-05-12,4,"1491 Fadipe Mews Suite 777, Iyadunnistad, FL 65261",babatunjiadelusi@example.org,917.594.4268x6397,20,2,5
341,Adeleke,Adetoke,Adeyemo,2005-12-22,Male,2024-04-20,2,"454 Ajani Passage Suite 613, Ibikunlemouth, CO 31654",esupofo41@example.net,8232616933,44,1,4
342,Mojisola,Ayodele,Ojo,2004-01-10,Female,2024-07-25,4,"5537 Salako Via, South Omotayoburgh, AR 48990",adedeji67@example.net,+1-323-389-5208,28,3,4
343,Omodunni,Yejide,Odunsi,2003-12-08,Male,2022-06-07,2,"62215 Ninalowo Loop, East Modupe, KY 94589",fasasiesupofo@example.net,835-557-0792x2758,14,1,2
344,Niyilolawa,Ajala,Afonja,2007-06-22,Female,2020-12-14,4,"070 Adebukola Drives Apt. 936, South Morenike, NC 42332",halabi@example.org,941.747.8067x023,48,2,3
345,Tomori,Adesewa,Adeyemo,2006-01-10,Male,2021-06-19,3,"0473 Oluwamumibori Underpass Suite 969, North Tolulope, CA 31370",doyinsola79@example.net,001-535-988-4078x2751,8,3,5
346,Omolabake,Sijuade,Ajewole,2008-03-11,Male,2023-01-22,2,"607 Ogulana Station, Folashadeville, IL 61855",ajalababtunde@example.com,670.698.0841x030,29,1,5
347,Adedayo,Oluwagbemiga,Adeyemo,2006-07-07,Female,2023-10-10,2,"56918 Folu Course, Niyilolawaburgh, MP 99162",osuntokunwuraola@example.org,001-311-530-6511x6130,25,2,2
348,Anjolaoluwa,Mojisola,Oloyede,2006-10-08,Female,2021-06-25,2,"8902 Folu Key Suite 856, Ojoburgh, OR 82333",goshin@example.net,239.355.7900x170,17,3,2
349,Gbolahan,Kolawole,Olukotun,2008-10-04,Female,2024-02-22,4,"USNV Oyeniyi, FPO AP 26886",titilayoogindan@example.net,510-206-9638x6691,10,3,4
350,Kikelomo,Omobolanle,Adekunle,2009-09-18,Male,2021-09-08,1,"1905 Aderopo Stravenue, Aderopofort, AL 41331",woshin@example.org,940.332.8036,47,1,2
351,Sowande,Adekunle,Alabi,2009-07-06,Female,2024-03-22,3,"68620 Fagunwa Lakes Suite 899, New Igemouth, DE 53392",dolabode@example.net,207-232-8904,18,1,3
352,Esupofo,Omobolanle,Aloba,2005-07-01,Male,2024-07-10,3,"9458 Folashade Inlet, New Igeshire, IA 56732",gbadebokolade@example.net,896-467-9277x778,38,3,2
353,Oluwamumibori,Mosunmola,Osuntokun,2004-10-15,Male,2021-04-02,1,"87001 Owokoniran Street, New Ololade, AZ 85023",inioluwa35@example.net,290-770-0892x60512,20,3,5
354,Arike,Oyindasola,Fagunwa,2005-04-11,Female,2021-01-02,3,"72244 Bamidele Curve Suite 434, Olukotunview, MH 67043",moradekeomojola@example.net,277-235-4465,28,2,1
355,Fadekemi,Yejide,Olowokeere,2005-06-16,Female,2023-09-06,4,"55217 Doyinsola Ranch, Salamimouth, FL 04607",adebukolasobowale@example.net,+1-666-478-8052x8969,35,1,4
356,Abeni,Tokunbo,Iyanda,2004-12-16,Female,2022-07-17,3,"67266 Mofifoluwa Track, Lake Ninioluwaton, MH 08479",psobowale@example.com,(705)969-2671,43,2,2
357,Arinola,Abiodun,Awodiran,2008-04-11,Male,2024-06-24,3,"766 Abosede Rue, Kolawoleside, VI 80351",qoladipupo@example.com,001-371-536-8307x950,8,1,2
358,Subomi,Ige,Ajewole,2007-09-23,Female,2023-08-20,2,"USNV Olubode, FPO AP 38069",badegoke@example.net,971-659-2592,10,3,4
359,Boluwatife,Olansile,Odetola,2005-08-22,Male,2024-05-27,2,"16385 Ogunbamigbe Rest, Afolayanton, MH 92352",mayandokun@example.org,+1-325-553-3222x6614,30,3,4
360,Oba,Demilade,Salako,2009-04-28,Female,2023-12-08,4,"21579 Faleti Vista Suite 532, Fagunwabury, NE 74957",ikolade@example.com,(934)674-6865x88276,31,3,1
361,Adesoji,Alade,Falabi,2006-07-18,Female,2024-07-08,3,"PSC 5677, Box 0963, APO AE 99571",fajimikeji@example.com,(887)360-6568x90806,44,2,1
362,Korede,Oyindasola,Koya,2006-05-11,Female,2022-11-04,1,"Unit 3890 Box 8725, DPO AA 93082",oladimejiosuntokun@example.com,754-960-3864,38,1,5
363,Yewande,Toluwanimi,Ninalowo,2009-06-09,Male,2021-12-17,4,"78791 Mosinmileoluwa Centers, Omotosoton, MT 17927",akinkunmioyetoro@example.net,316.455.7156,47,2,3
364,Wuraola,Segilola,Ojo,2009-03-23,Female,2022-01-24,4,"44508 Oreofe Neck, Oginnimouth, OH 40430",yewandeoladipupo@example.com,001-647-718-8533x6277,33,2,5
365,Oyenike,Awero,Ogunbo,2008-02-05,Male,2023-03-28,1,"6407 Eniola Well, North Boluwatife, MP 85553",awodiranabiodun@example.com,+1-434-986-6591x1914,31,1,1
366,Demilade,Fehintola,Soyinka,2007-10-19,Male,2024-09-03,3,"76955 Omojola Court, North Adeshina, IN 16895",amopeogunbo@example.com,(737)874-4410,25,2,4
367,Abeni,Ibidapo,Morawo,2004-12-22,Female,2021-06-20,1,"PSC 2692, Box 8848, APO AE 08396",adedeji24@example.net,001-201-636-6464x664,49,3,3
368,Adunni,Ronke,Olukunga,2009-09-04,Male,2022-07-09,4,"870 Atinuke Inlet, Adesiyanstad, NY 04822",tafolayan@example.org,822.339.1915,2,3,3
369,Esupofo,Arinola,Ogulana,2008-01-13,Male,2023-10-24,2,"952 Adebukola Overpass, Port Adeshinabury, DE 93861",sadegbite@example.org,(578)589-4455,3,3,5
370,ObaniJesu,Boluwatife,Fagunwa,2006-12-22,Male,2022-07-23,4,"3310 Radeke Ramp, Motunrayoport, SC 75766",toluwanimi66@example.org,(376)944-3028x80866,9,1,1
371,ObaniJesu,Tokunbo,Awolowo,2004-09-20,Male,2023-01-16,1,"356 Bolatito Grove Apt. 828, East Motunrayobury, VA 84869",babatunjibalogun@example.net,(596)715-4542x3030,24,3,1
372,Adesoji,Tade,Olubode,2005-11-06,Female,2024-09-19,2,"83713 Adeshina Plain, New Olufunmilayo, LA 17859",wkosoko@example.net,461-788-9886x882,12,2,3
373,Alamu,Olansile,Iyanda,2004-09-15,Male,2022-04-15,1,"PSC 6027, Box 8027, APO AE 73334",koladetomori@example.com,001-542-628-6738,50,3,1
374,Awero,Gbowoade,Adelakun,2008-02-07,Male,2023-07-06,3,"6899 Segilola Haven Apt. 508, Abayomimouth, RI 13759",qsobowale@example.com,+1-327-593-4351,33,1,2
375,Abosede,Mosunmola,Ajao,2006-03-28,Female,2022-06-28,4,"21787 Faderera Plains Apt. 607, West Wuraola, FM 01299",adesua57@example.org,+1-324-738-2923x6785,3,1,4
376,Oyenike,Iretioluwa,Oloyede,2007-08-16,Male,2022-10-13,3,"885 Oluwamumibori Manors, South Oyindasola, GA 84745",logunbo@example.net,643-743-8404x40584,12,2,2
377,Toki,Oluwole,Odunsi,2009-04-16,Female,2024-07-28,2,"7816 Ajani Land, Adelekeville, FM 47589",adeshinaolugbayila@example.net,682.203.8995x962,47,2,5
378,Adekitan,Adebiyi,Adelusi,2004-05-22,Female,2023-08-15,1,"2039 Ibironke Parkway Suite 467, Omolaraview, FM 41738",lfagunwa@example.com,332-940-9226,18,2,1
379,Keji,Omotoun,Adegbite,2006-01-07,Female,2023-05-18,1,"8435 Edun Terrace Suite 416, Olasupofurt, MS 71628",yowoyemi@example.com,319.777.3085,14,1,1
380,Atinuke,Oladare,Salako,2008-06-02,Female,2021-04-12,1,"Unit 4842 Box 3388, DPO AP 56505",oomotoso@example.net,+1-419-543-0531x72894,23,2,1
381,Fadekemi,Adekitan,Akinrinola,2006-03-08,Female,2022-04-24,1,"2609 Ayodeji Greens Apt. 810, Akinwalebury, AZ 03786",abiona35@example.org,522.905.0449,8,1,1
382,Yetunde,Folu,Oshin,2007-08-24,Male,2022-10-29,1,"63816 Korede Spurs Apt. 693, West Adebiyi, OR 13356",demilade72@example.org,(938)463-8563x03824,10,3,2
383,Ajala,Fikayomi,Ogunyeye,2005-08-28,Female,2024-01-03,2,"58023 Ajao Fall, Lake Ikeoluwa, VT 76272",sobowaleadeolu@example.com,001-625-762-8008x35677,21,2,2
384,Doyinsola,Modupe,Aderogba,2006-07-06,Female,2021-07-14,2,"2715 Kosoko Grove, Kosokoview, RI 41141",oyindasolaoginni@example.com,(498)878-6652,16,3,5
385,ObaniJesu,Awero,Omidina,2008-06-28,Female,2021-03-16,3,"584 Omolara Dam, Alobaport, RI 37923",olufunke44@example.net,404.717.0809x273,10,2,3
386,Omodunni,Omowumi,Sobowale,2009-08-14,Male,2024-06-01,4,"36703 Bolatito Creek Apt. 365, East Bunmi, TX 77669",oreofe78@example.net,6048579634,31,2,1
387,Ajoke,Bolatito,Ogindan,2007-11-14,Female,2023-08-25,1,"791 Oke Cape Suite 217, East Titilayo, MP 50690",valabi@example.com,4543270936,34,2,5
388,Tolulope,Adekola,Ogunbiyi,2008-06-29,Male,2021-03-01,2,"055 Awolowo Parkways Suite 952, Toluwanimibury, MT 07306",ssalako@example.com,(480)956-1700x13517,50,2,4
389,Olakunle,Oluwamuyiwa,Olukotun,2007-01-29,Male,2023-04-15,1,"20812 Akinrinola Road, Lekeburgh, MT 92902",oluwagbemiadetoke@example.com,9917664974,10,2,2
390,Moradeke,Damife,Ibikunle,2004-10-23,Male,2022-02-02,1,"1766 Olujimi Passage Apt. 302, Obaland, TN 99078",ogindantade@example.net,450-447-9410,47,2,4
391,Oyenike,Olasunmbo,Olujimi,2007-09-11,Male,2021-05-07,3,"31371 Awero Ville Suite 565, Port Simisola, KY 77560",olukungadoyinsola@example.com,001-486-376-8474x7561,49,2,4
392,Mosinmileoluwa,Adetayo,Balogun,2008-10-01,Male,2022-05-09,2,"04067 Ogunde Loop, Ayokaview, MP 52927",oolowokeere@example.org,883.205.1544,50,3,5
393,Olajumoke,Leke,Makinde,2008-03-27,Female,2022-06-10,3,"842 Oba Village, North Morenike, KS 96003",fagunwagbadebo@example.org,307.906.1050,37,1,1
394,Modupe,Omobobola,Oluwagbemi,2004-08-20,Male,2021-12-15,1,"9614 Ayoola Throughway, Port Adebukola, LA 15403",dafonja@example.net,499.991.0935x6811,22,3,2
395,Bolatito,Adepeju,Balogun,2008-05-21,Male,2023-03-20,2,"92323 Afolayan Islands Apt. 513, North Aweroland, CT 42345",fadipeadedeji@example.com,969-876-9466,48,1,5
396,Ibironke,Abosede,Iyanda,2008-05-10,Female,2024-08-19,4,"39313 Oluwasanmi Lodge, Lake Ikeoluwamouth, WI 34293",pafolabi@example.org,(577)895-4785x35794,25,1,2
397,Ninioluwa,Omobobola,Aderibigbe,2006-12-21,Female,2024-09-25,1,"016 Makinwa Branch Suite 987, Lake Oreofe, PA 80045",mosunmola34@example.org,3148451630,18,2,3
398,Ogooluwa,Oluwamuyiwa,Oyaifo,2006-06-24,Male,2024-01-26,2,"2064 Oparinde Common Suite 116, North Ninioluwa, HI 55984",folashade07@example.com,001-203-541-5670,48,3,2
399,Adeyi,Similoluwa,Oginni,2005-09-29,Female,2023-04-10,3,"02646 Aloba Crescent, Oyenikestad, NV 79415",moyinlola@example.org,442-753-6212x8943,19,3,1
400,Oladimeji,Iyabode,Oyeniyi,2007-10-13,Female,2021-05-14,1,"92036 Fadipe Mews, Ogunbochester, NH 02304",oluwafemi20@example.net,470-516-5836x68530,23,2,4
